Production_Date,Product_ID,Production_Time,Temperature,Humidity,Quality_Score
2023-01-01 00:00:00,1,38.82026172983832,27.77981339854899,34.67078946569872,78.89540369291595
2023-01-01 01:00:00,2,32.000786041836115,29.462369436657653,32.88029835905779,76.54217057219479
2023-01-01 02:00:00,3,34.89368992052869,22.888425879373646,50.46135058955685,73.18840779226772
2023-01-01 03:00:00,4,41.204465996007286,25.52357014716642,40.41625519773439,75.61659886473626
2023-01-01 04:00:00,5,39.33778995074984,26.140266625620335,49.19188387056259,69.75059025013387
2023-01-01 05:00:00,6,25.113610600617946,26.007399733522163,42.96140964009553,73.32040981782148
2023-01-01 06:00:00,7,34.750442087627945,27.70386792650195,42.292156992934345,73.63092408800951
2023-01-01 07:00:00,8,29.24321395851151,15.909611848082152,45.19154659127271,78.68657407199419
2023-01-01 08:00:00,9,29.48390574103221,24.753379649262136,57.035855546433886,67.45132102264154
2023-01-01 09:00:00,10,32.05299250969186,26.195168006233825,59.29145147768691,69.7702269120466
2023-01-01 10:00:00,11,30.72021785580439,19.998348255231473,53.71172552649039,74.44570119946557
2023-01-01 11:00:00,12,37.27136753481488,33.369928535053546,40.101774504528805,70.53040096856903
2023-01-01 12:00:00,13,33.80518862573497,25.80779633619084,56.43631275453338,70.17355800370957
2023-01-01 13:00:00,14,30.608375082464143,32.81702372514465,56.88896666607932,63.55781503086788
2023-01-01 14:00:00,15,32.21931616372713,21.047384890834614,52.746472036124445,70.69277471309665
2023-01-01 15:00:00,16,31.668371636871335,20.463499392373365,43.96379563980909,76.84848613654707
2023-01-01 16:00:00,17,37.47039536578803,26.12126110482841,57.0885957536714,68.47734433965205
2023-01-01 17:00:00,18,28.974208681170996,16.606558185856716,54.22818574676661,75.40515414259305
2023-01-01 18:00:00,19,31.565338508254506,26.074827953130466,18.83143408400874,82.99213714286735
2023-01-01 19:00:00,20,25.729521303491374,25.48609616001459,56.44452033411042,69.97573595914926
2023-01-01 20:00:00,21,17.235050920829607,30.078326407710506,30.86257329138493,70.08072869907087
2023-01-01 21:00:00,22,33.2680929772018,28.505206705825486,56.63561576591381,68.45540464127133
2023-01-01 22:00:00,23,34.322180994297526,22.91261325057483,48.45927601575165,73.04382252599902
2023-01-01 23:00:00,24,26.28917489796779,19.512516726148775,61.936116807491985,71.19351788603218
2023-01-02 00:00:00,25,41.34877311993804,33.561526106716485,49.0183878879407,70.31318220540265
2023-01-02 01:00:00,26,22.728171627006176,21.03942489717425,41.133857399438874,73.98306995969898
2023-01-02 02:00:00,27,30.22879258650723,19.77237721465267,48.52646335417156,76.04378563423816
2023-01-02 03:00:00,28,29.064080749870833,19.575719702692773,60.598062949337745,75.17332908767476
2023-01-02 04:00:00,29,37.66389607179229,30.586526577683323,50.262466178615874,68.37611062763666
2023-01-02 05:00:00,30,37.346793849501424,22.40549897787574,48.85664840127623,75.08491176305074
2023-01-02 06:00:00,31,30.77473712848458,21.231477669096996,57.43553515508337,74.08621217686809
2023-01-02 07:00:00,32,31.890812598010868,25.688449129516737,52.10359366629813,71.94516021355639
2023-01-02 08:00:00,33,25.561071261849435,23.965276447213544,49.94072594166768,71.66495003323007
2023-01-02 09:00:00,34,20.096017658880363,21.609522696068765,63.66060068403331,68.67801642533962
2023-01-02 10:00:00,35,28.26043925336924,28.769957334892396,65.55114032059068,67.43727954390856
2023-01-02 11:00:00,36,30.7817448455199,30.326577460489972,56.13326226328701,69.18103077233238
2023-01-02 12:00:00,37,36.151453403638605,29.926587544699334,47.14040848514827,69.3216468519634
2023-01-02 13:00:00,38,36.01189924392206,28.834598348305995,64.96910993520827,63.73902153656235
2023-01-02 14:00:00,39,28.06336591296024,27.013127655650177,61.831195573317075,65.3824640718818
2023-01-02 15:00:00,40,28.488486247123323,16.120560000190856,57.18897165528291,78.10633222568924
2023-01-02 16:00:00,41,24.757235174664537,33.34625403188484,37.83923419254139,71.83921248551418
2023-01-02 17:00:00,42,22.899910314105124,26.509946051787765,51.40671903307961,76.04346843548906
2023-01-02 18:00:00,43,21.468649046874937,28.04078213800321,42.56327825299127,74.32171666124209
2023-01-02 19:00:00,44,39.75387697615895,30.574811614737012,48.40987748445641,71.06867559296217
2023-01-02 20:00:00,45,27.451739091241734,32.16676251440996,52.400569292967184,68.80899293151523
2023-01-02 21:00:00,46,27.809628491944068,27.091990056545963,51.00159408090624,73.15182644784987
2023-01-02 22:00:00,47,23.73602319975037,27.17773079647827,45.248248941707516,70.90453354916046
2023-01-02 23:00:00,48,33.88745177915955,22.003878612701403,62.7295374891991,74.49922566363102
2023-01-03 00:00:00,49,21.930510762210243,25.165448755693802,33.03868733168457,77.30506601742407
2023-01-03 01:00:00,50,28.936298598930158,20.729193695928227,57.301835311296145,71.03805237426144
2023-01-03 02:00:00,51,25.522667194031623,21.400297339290525,31.42516728405462,80.4774231497152
2023-01-03 03:00:00,52,31.93451248929631,20.532127988429043,53.82598136723463,75.77081934767668
2023-01-03 04:00:00,53,27.445974312155634,24.219880545013563,41.13095673716124,73.5356629547789
2023-01-03 05:00:00,54,24.09683907938794,30.245465939600052,58.7830375773253,68.37609450188452
2023-01-03 06:00:00,55,29.859088858306727,40.8548738664509,50.864525240075935,62.88031717957882
2023-01-03 07:00:00,56,32.14165935265209,25.947498187739566,52.477063784668246,70.27058470438077
2023-01-03 08:00:00,57,30.33258611191584,18.2579345612194,39.817206744331486,77.94690585858079
2023-01-03 09:00:00,58,31.512359488698905,31.32491664928128,43.454298650024164,72.82833501332395
2023-01-03 10:00:00,59,26.82838953159518,23.496080617619864,52.072173934109536,70.41216204736845
2023-01-03 11:00:00,60,28.186294170064308,21.69695703011504,55.83569926909304,72.78604392428379
2023-01-03 12:00:00,61,26.637697761120243,26.049247389615278,79.29096241763861,62.50125185173559
2023-01-03 13:00:00,62,28.202234192297293,18.796877002218864,52.22858323103487,73.23856617366305
2023-01-03 14:00:00,63,25.93426858977773,26.112315820043033,59.76037525368926,66.58868230836276
2023-01-03 15:00:00,64,21.368586988341615,24.558122384004225,34.430660674907394,74.98596395649366
2023-01-03 16:00:00,65,30.887130711268764,25.491889534077377,36.70108138665937,72.9761387816579
2023-01-03 17:00:00,66,27.991095318958692,26.907081271045854,46.44505225391548,74.40527807580098
2023-01-03 18:00:00,67,21.84900826516978,25.337461286204032,38.025723043614335,75.44024611855124
2023-01-03 19:00:00,68,32.31391127762887,25.081690420564463,64.86399253466385,68.3172608894511
2023-01-03 20:00:00,69,25.46350817808379,26.421572594989723,45.89781307219671,75.37624850980932
2023-01-03 21:00:00,70,30.259726978980694,27.077003130855633,63.821818883931385,64.87471845552966
2023-01-03 22:00:00,71,33.64545281088768,19.842587698423714,64.8678247408563,68.73526737789983
2023-01-03 23:00:00,72,30.644914553787054,17.85004370657276,50.42779719883567,76.45607006045049
2023-01-04 00:00:00,73,35.697003422716506,24.691809739138925,55.017997538076386,67.50053676484687
2023-01-04 01:00:00,74,23.825870898231738,17.83632255032946,49.43900526659097,75.09272011886424
2023-01-04 02:00:00,75,32.01170820588774,25.437657354608355,55.384370003545385,68.81607417543127
2023-01-04 03:00:00,76,26.575949545298435,29.69373437841155,54.83341851780572,69.36215213979159
2023-01-04 04:00:00,77,25.64601425409059,28.03555835958023,48.763503741079695,70.50153796515825
2023-01-04 05:00:00,78,27.105751676177924,19.759147965872636,55.049699814628404,77.62181463142907
2023-01-04 06:00:00,79,28.442237339363135,20.698687740212407,67.23696275667263,71.35535004703081
2023-01-04 07:00:00,80,30.280826711148727,26.641506475003776,57.13016229710938,67.83372110481469
2023-01-04 08:00:00,81,24.174250796083218,22.99351097433245,53.257996136406256,71.75121879699819
2023-01-04 09:00:00,82,34.50413243477094,23.416723524739467,51.24769521043213,72.22216064866973
2023-01-04 10:00:00,83,32.3283121986523,27.98453240623977,39.87326876231409,80.65890186640702
2023-01-04 11:00:00,84,22.31878156861388,20.06356653271174,39.72703122924538,75.02970807691423
2023-01-04 12:00:00,85,37.441260968978,22.99382645044409,53.23356531480259,72.9400965811464
2023-01-04 13:00:00,86,39.479445880152916,20.999587619576992,36.30608875952843,74.43951529162992
2023-01-04 14:00:00,87,35.89389785579825,19.784352509823222,42.336724010364165,77.3929316595673
2023-01-04 15:00:00,88,29.100375820938247,20.71460905664418,62.815113403641334,74.61794257440353
2023-01-04 16:00:00,89,24.646236892447288,28.38731084673206,69.14229697062814,64.24674462209732
2023-01-04 17:00:00,90,35.272258634655685,25.25910194741211,33.34043923202282,79.5774260996312
2023-01-04 18:00:00,91,27.9841152651341,20.604196855824625,66.26649562301583,69.68572243327652
2023-01-04 19:00:00,92,36.11222535191214,23.84449196203502,47.88561709154443,72.86707145786828
2023-01-04 20:00:00,93,31.0413748903843,16.80596346438911,49.84994912968635,76.13872081100675
2023-01-04 21:00:00,94,34.88319518241856,21.333435962081673,48.86588369357266,73.49971162052736
2023-01-04 22:00:00,95,31.78183198587201,35.747872674336435,60.805441270254875,62.632314737975676
2023-01-04 23:00:00,96,33.532865840959744,24.54878075167125,33.92323420956823,74.88825053664492
2023-01-05 00:00:00,97,30.052500103604103,28.65829463515196,54.56163611355133,72.31596330625752
2023-01-05 01:00:00,98,38.92935246952918,24.672558124277586,40.551298026119895,74.71217873843834
2023-01-05 02:00:00,99,30.6345604635181,26.740846176209043,55.707885293815735,70.50475994528227
2023-01-05 03:00:00,100,32.00994681722351,28.31629044839587,65.42796338293051,64.46040205804333
2023-01-05 04:00:00,101,39.41575348528127,19.476917012367647,49.9958267358738,77.49677459188474
2023-01-05 05:00:00,102,23.26120469428777,24.845318713630206,53.74155085970803,70.90776382945683
2023-01-05 06:00:00,103,23.647575007571334,32.89432597208244,54.095517782376916,67.14211634353009
2023-01-05 07:00:00,104,34.846983540790056,21.022497249733544,42.004065003295096,73.22957860355281
2023-01-05 08:00:00,105,24.1343829744292,22.167800731338904,65.11639349884318,70.17313400695681
2023-01-05 09:00:00,106,39.71810592824646,23.46154361316499,67.06468247260989,71.77283486127504
2023-01-05 10:00:00,107,27.931905096201262,26.345120365881233,57.01783372117029,67.98393452870847
2023-01-05 11:00:00,108,26.262725942796212,27.624589318229415,50.732854320076456,70.05139073745738
2023-01-05 12:00:00,109,39.614710132401925,31.337058274093284,45.38106184645716,68.44050439258616
2023-01-05 13:00:00,110,37.40257395717212,27.4974911673433,43.73509776850912,73.38904943425636
2023-01-05 14:00:00,111,39.33779480213285,24.68973437100833,67.10836582546656,67.65067146266951
2023-01-05 15:00:00,112,34.53022329137693,31.29583564805407,64.14415042729024,66.51899925077484
2023-01-05 16:00:00,113,25.693871574726487,28.52055511070791,49.3633851121045,72.03365400461654
2023-01-05 17:00:00,114,39.55032476549517,17.52160241871492,34.20069470328876,79.35395828728473
2023-01-05 18:00:00,115,28.659983145243096,37.63184120177999,21.67988130091013,75.13001110696571
2023-01-05 19:00:00,116,34.012281978981974,33.84960694098367,39.1657333973572,70.66887429685606
2023-01-05 20:00:00,117,34.73625983886874,24.15892888616463,48.69379604004881,71.13033079014961
2023-01-05 21:00:00,118,29.22494953454583,26.889550508692373,64.00689034443002,67.09944589639959
2023-01-05 22:00:00,119,33.0703968517304,31.621793749979197,43.48343790942219,78.74739218211798
2023-01-05 23:00:00,120,34.61103335783263,24.138996036515586,55.04815456340502,76.04639688073259
2023-01-06 00:00:00,121,31.88212765577815,28.651758951885096,63.031809616484324,67.04423083464746
2023-01-06 01:00:00,122,24.502996047079026,30.52289236785738,51.28536316856048,72.83065928152469
2023-01-06 02:00:00,123,31.49119087103028,19.925870461327797,48.57552131211159,75.37364164741007
2023-01-06 03:00:00,124,36.63192948343515,21.98834073208569,36.91236485761392,77.82584349779
2023-01-06 04:00:00,125,26.527160701343174,29.607041989052906,37.97524691795567,69.90476135482731
2023-01-06 05:00:00,126,29.251827298361647,27.304072385744153,54.160996344158235,68.17945377199187
2023-01-06 06:00:00,127,27.82423224139181,29.618982801569736,47.99092466799073,69.22623267084496
2023-01-06 07:00:00,128,39.24631864239671,24.33715992673141,51.225313176533014,72.67886414700526
2023-01-06 08:00:00,129,33.361473785062174,23.554973945228834,49.52722284303753,73.39231524419289
2023-01-06 09:00:00,130,32.03730918120555,15.006802622083136,56.6414404935865,74.34628183809875
2023-01-06 10:00:00,131,26.150419627773417,19.269997867462784,42.15312588570555,76.54143690148925
2023-01-06 11:00:00,132,32.69624595645909,25.235330473292468,46.64419356416833,73.05677042288737
2023-01-06 12:00:00,133,26.62833669671312,29.122786097821184,68.96182228633144,61.98723696382541
2023-01-06 13:00:00,134,30.159152791371756,27.655891832678478,42.00213861614229,72.34613537808094
2023-01-06 14:00:00,135,26.820769608105596,24.35879012986149,47.18424569199898,72.90275148785298
2023-01-06 15:00:00,136,33.3821664747325,23.641142167546516,44.106132980214305,72.4496911560167
2023-01-06 16:00:00,137,32.88295408307471,26.085898163191402,54.4478136240725,69.96223104465345
2023-01-06 17:00:00,138,28.958506222110024,25.39105590546076,60.223923224420695,67.56768075287441
2023-01-06 18:00:00,139,31.980033563308226,32.02272757469856,45.017883814138905,72.954035852428
2023-01-06 19:00:00,140,24.53469245634747,25.73220385239125,45.68585658895315,72.94053350284018
2023-01-06 20:00:00,141,22.543712036471973,17.593770189013508,47.2101839469697,76.66096838488919
2023-01-06 21:00:00,142,32.19695850632269,18.637209324838416,55.298337834749574,74.94795020119867
2023-01-06 22:00:00,143,30.833367476862644,32.5937966848179,42.60604697489805,72.0352241988029
2023-01-06 23:00:00,144,33.17515718446053,19.1441976927496,46.24040034028741,73.08329744293867
2023-01-07 00:00:00,145,41.91572387431971,28.822487265167666,26.278061284869846,76.95176976374015
2023-01-07 01:00:00,146,34.72239743495207,23.658136323953094,36.18254990505015,75.49810221400423
2023-01-07 02:00:00,147,25.43588887277921,24.151208530487573,48.87556243980712,72.97138651442765
2023-01-07 03:00:00,148,35.585081440479264,24.329336086157898,58.978641732031214,69.06907439491386
2023-01-07 04:00:00,149,23.420462947442395,31.106924797295992,52.95075783301863,68.87544917716203
2023-01-07 05:00:00,150,27.692076975926454,24.035790857280176,39.012315433327004,74.3174914502375
2023-01-07 06:00:00,151,29.658791973376843,24.833403585774235,35.99743791872058,75.64853234845633
2023-01-07 07:00:00,152,38.56671360824683,17.345982513002536,51.746800928981685,74.62064912695953
2023-01-07 08:00:00,153,26.2762258897578,26.033452558540016,33.47196357747156,79.10686738843032
2023-01-07 09:00:00,154,25.86780730670493,27.6552125348903,60.65926818716889,68.71062059496528
2023-01-07 10:00:00,155,29.50773737787284,26.195727903268935,50.638961916501785,72.44822488858634
2023-01-07 11:00:00,156,26.682608568189462,31.989481305433678,33.92679840765942,73.25458326336528
2023-01-07 12:00:00,157,35.63317961053254,25.275856773901157,40.3404614115813,74.49049748538793
2023-01-07 13:00:00,158,24.600342458182883,26.494887280595087,42.75688680768877,75.04749609439111
2023-01-07 14:00:00,159,24.26265673794449,33.2425200513409,42.268074897765615,72.25318537258744
2023-01-07 15:00:00,160,27.81089977627783,17.24992905320926,35.100669917785076,80.87512806931754
2023-01-07 16:00:00,161,27.509837746538476,22.720873261003156,41.25337478011155,78.54684682641715
2023-01-07 17:00:00,162,39.64766026908493,32.13079376009633,43.15598443859574,73.53611784340347
2023-01-07 18:00:00,163,34.747104034628805,29.680645741555413,42.88714244389562,68.96413831727577
2023-01-07 19:00:00,164,30.437756206925954,28.391900494202353,61.279566249333804,68.28093764766479
2023-01-07 20:00:00,165,23.87282240584916,29.163253697322393,51.048278028272144,70.01868588587507
2023-01-07 21:00:00,166,34.221814882007735,26.63533104560511,40.06742782562448,75.4386837574466
2023-01-07 22:00:00,167,24.998923263052177,33.15798713766136,46.65378394045878,71.65682430508517
2023-01-07 23:00:00,168,22.27614451611194,26.88879584865359,41.20442902688616,72.35319704142448
2023-01-08 00:00:00,169,35.94014896176151,26.199335529476393,46.99993340988243,69.55980400745194
2023-01-08 01:00:00,170,31.58471305962425,25.794793370628216,58.75509153141383,71.68845880096383
2023-01-08 02:00:00,171,34.60429411890409,25.964319777751932,52.522707806121254,69.26405847942682
2023-01-08 03:00:00,172,31.593638264715107,19.21491359592066,72.85601181528067,67.1633006296134
2023-01-08 04:00:00,173,34.28415305951346,28.853365272316715,53.759274257674804,69.8547768733785
2023-01-08 05:00:00,174,26.744872033499266,24.347801331083364,40.86405490022893,74.19467922206692
2023-01-08 06:00:00,175,24.828785791077678,34.10957548930203,58.097407308144476,62.33156880627445
2023-01-08 07:00:00,176,33.40797259140813,24.621747647057887,60.799312171425356,69.51771205987491
2023-01-08 08:00:00,177,25.982951679130792,27.104591420878283,60.94166991443944,66.60223399730532
2023-01-08 09:00:00,178,26.552251111248996,26.233010931306673,39.057590469649085,76.36193714919249
2023-01-08 10:00:00,179,27.722337482413284,21.872214824453735,48.52362585485162,73.49465171916033
2023-01-08 11:00:00,180,30.087395795125282,29.96068414259253,61.31811956828453,65.24732978077678
2023-01-08 12:00:00,181,28.23003044373258,34.52531820280009,33.152710411260585,72.37152669700136
2023-01-08 13:00:00,182,23.125243532909906,24.926113901700777,45.00583238977962,76.13950028589306
2023-01-08 14:00:00,183,26.78190798583555,23.497606072072887,35.730623145730085,79.34781818351989
2023-01-08 15:00:00,184,18.882984238877867,23.22485634472313,40.67429770102987,73.99883015241005
2023-01-08 16:00:00,185,33.12615725513594,15.538190533413292,39.875428472561936,85.86769148969861
2023-01-08 17:00:00,186,21.989711721966263,24.110934281484937,62.50569832543435,68.54127071245718
2023-01-08 18:00:00,187,24.478083302857748,26.25499058004162,47.654619650912494,70.27128735678643
2023-01-08 19:00:00,188,30.26082539630487,30.273789625901415,41.36644418658217,74.2296359111722
2023-01-08 20:00:00,189,26.302185018043435,29.80023870574964,39.64394268615506,72.48335292656995
2023-01-08 21:00:00,190,37.71507297703368,22.917504587816538,51.4166716487153,77.42368522715643
2023-01-08 22:00:00,191,23.535715451382757,23.61588502613056,49.88864372659333,74.92028107991979
2023-01-08 23:00:00,192,31.335254346745913,30.619526528072196,63.44074374673427,65.26057391932609
2023-01-09 00:00:00,193,29.803585908862523,24.132680514635606,55.000166958573026,74.5842234105747
2023-01-09 01:00:00,194,24.159532511294014,22.449852301221917,35.682022219349626,79.76869760652505
2023-01-09 02:00:00,195,32.61638330265877,31.96259224717136,43.710192924087316,68.44785560531834
2023-01-09 03:00:00,196,29.14226834388876,30.18792833525317,60.70072512070977,68.4726065153053
2023-01-09 04:00:00,197,33.858952756068334,25.09395895887129,43.789173022986226,73.28329372977159
2023-01-09 05:00:00,198,34.117520769818654,22.031112761106662,67.34572174923709,68.61407452418219
2023-01-09 06:00:00,199,40.81617974640345,14.940598403776455,39.01710568675253,81.08667799052094
2023-01-09 07:00:00,200,36.68263974718196,27.948518027873618,55.7261335304079,67.54970890240831
2023-01-09 08:00:00,201,28.154090810287784,20.5181513872391,41.38784446601358,74.65788640879497
2023-01-09 09:00:00,202,28.80310411212037,15.18633995429624,44.904048670536426,79.67118344353155
2023-01-09 10:00:00,203,35.49829797943556,32.92410263674509,60.98581648231146,62.46573673959429
2023-01-09 11:00:00,204,33.27631865361299,28.239838955049443,48.729328371614834,66.1108767574523
2023-01-09 12:00:00,205,33.20065763048796,19.304959034415173,58.134522451141066,71.23495253870723
2023-01-09 13:00:00,206,21.915219778445827,18.927993085203703,54.73290594914799,74.77831651563055
2023-01-09 14:00:00,207,29.87836937800532,29.354808910858097,57.53865683562301,67.52123622674412
2023-01-09 15:00:00,208,26.309845453971555,20.610146917320648,41.11811788914487,79.89375305583634
2023-01-09 16:00:00,209,31.39962299521619,31.480749337639416,47.78425601795999,70.29185551665567
2023-01-09 17:00:00,210,29.50924805178521,28.082296563130775,54.2425261810087,68.15347456023784
2023-01-09 18:00:00,211,34.55089454046296,27.682982602834116,41.5092712730634,72.82656021570494
2023-01-09 19:00:00,212,31.58609107595651,27.023477278071503,66.29500043232329,63.726678512728895
2023-01-09 20:00:00,213,33.93163981054488,25.95725436011956,42.22771957844866,76.52465139581749
2023-01-09 21:00:00,214,27.667904516320284,29.402555995885553,46.99996423062205,68.43653256070469
2023-01-09 22:00:00,215,25.277768720408748,22.729598187421974,39.93440935205763,74.81406283643318
2023-01-09 23:00:00,216,27.949751533987257,25.429759867171924,28.566919347613116,78.39447182127284
2023-01-10 00:00:00,217,29.914897930692796,28.75973293838598,67.96918522574927,65.23408449206387
2023-01-10 01:00:00,218,31.895758677775408,27.81494859293064,47.95661063096953,68.70024178722424
2023-01-10 02:00:00,219,41.296544753454256,19.025065973656698,45.5208516158446,75.0201399379793
2023-01-10 03:00:00,220,29.788714241696788,22.49795166347868,48.012849383292014,74.87725055775168
2023-01-10 04:00:00,221,25.220274997536116,26.264017527095774,64.19863972196435,69.8678460378568
2023-01-10 05:00:00,222,28.270091121503068,22.959926454800517,40.34893391935583,77.11336372097334
2023-01-10 06:00:00,223,27.68202012676953,33.873292804866665,56.795678657650825,65.97303047708972
2023-01-10 07:00:00,224,32.40740736886731,23.034234026229434,45.762117514505235,71.62943026479346
2023-01-10 08:00:00,225,22.296014927776877,24.188907762116546,44.0332914446169,73.46087399245248
2023-01-10 09:00:00,226,30.316309971001658,28.847150890886518,55.670582125201825,69.91823839961829
2023-01-10 10:00:00,227,30.782532689826876,26.65266371617458,59.88240573742697,70.8708397603944
2023-01-10 11:00:00,228,31.16090518100138,24.273627713976154,44.860970497200846,76.18364681016216
2023-01-10 12:00:00,229,27.013419655173188,21.21753235559626,42.3115084032519,76.97392459011752
2023-01-10 13:00:00,230,28.810391351319964,26.50757028698383,38.30904252677973,77.66270303177252
2023-01-10 14:00:00,231,22.879695455087344,30.195482201891963,61.03503766728376,72.35466902519681
2023-01-10 15:00:00,232,27.533400583189028,27.395476120491143,44.247440051938824,71.8403060934074
2023-01-10 16:00:00,233,27.28569261991641,21.10908239271939,31.50869272724549,78.46661939477659
2023-01-10 17:00:00,234,32.080250231307126,33.68387478488356,64.09952138396146,66.96517204392923
2023-01-10 18:00:00,235,24.219087840890438,17.76711054982053,36.30140498047058,80.69695228171939
2023-01-10 19:00:00,236,33.90599050854997,17.086571790986056,57.79460531259061,74.34294788758433
2023-01-10 20:00:00,237,37.47242272245684,29.802786122286143,51.834286466675245,70.33306965417262
2023-01-10 21:00:00,238,19.650074874932336,26.12920239301345,52.879154322152786,69.76267949647752
2023-01-10 22:00:00,239,32.1312936538905,22.2525072684798,44.15624724688678,73.55728162219289
2023-01-10 23:00:00,240,33.38454017515123,19.507146362223352,53.65591460224636,72.59535741911779
2023-01-11 00:00:00,241,26.812814872238853,36.60399919640149,33.32220107115762,74.19323259411398
2023-01-11 01:00:00,242,28.01364092835601,25.58545436077721,55.88037748739813,67.56987824402279
2023-01-11 02:00:00,243,29.335597112065223,27.67100585422886,65.5701004153216,67.49077623958618
2023-01-11 03:00:00,244,28.51104560299136,26.58942548619091,58.84027197426326,67.93783074457454
2023-01-11 04:00:00,245,28.45493515476439,27.17403978865579,29.804599146132787,76.76486658440159
2023-01-11 05:00:00,246,21.619980968350117,27.70047230262403,40.157909977271515,75.5882928087232
2023-01-11 06:00:00,247,35.7616578239156,28.66212004877438,48.12205078025193,72.92030256825304
2023-01-11 07:00:00,248,35.39809296018411,23.123887996196636,54.86937304939933,72.66319716281576
2023-01-11 08:00:00,249,25.933178703978985,23.54179006824078,48.93347326339775,69.80282366212828
2023-01-11 09:00:00,250,22.66787836098743,16.29488595820549,45.06785612889502,81.47412959958032
2023-01-11 10:00:00,251,32.605324382263795,21.098477967492304,55.953003076922926,75.28525312757608
2023-01-11 11:00:00,252,27.121060150934667,26.355563982233573,61.64151766224966,68.5126363765906
2023-01-11 12:00:00,253,30.7097658166039,30.225116877513454,47.67705992813403,70.60483921672189
2023-01-11 13:00:00,254,28.403357914274522,27.99519763188092,57.28929867385239,72.41850999914413
2023-01-11 14:00:00,255,33.45769375535093,23.29653828061035,24.209492548105253,82.98333163785071
2023-01-11 15:00:00,256,33.47374571828003,18.684135439574227,40.624906138912706,78.41187163138923
2023-01-11 16:00:00,257,26.37201310768208,11.113204272862834,46.7874106294199,79.82249732304032
2023-01-11 17:00:00,258,23.083180223024723,30.758669873903997,45.11433779245374,70.69928950328982
2023-01-11 18:00:00,259,22.085308013324592,22.053855067449252,53.32798217404455,75.32914192285634
2023-01-11 19:00:00,260,33.051896895536025,22.757674968979703,60.1375054749826,72.65989444242874
2023-01-11 20:00:00,261,24.055703711079857,25.657869839540343,55.066690260283885,67.42421197914705
2023-01-11 21:00:00,262,27.465918228506563,17.97219976304055,43.777745282449445,78.80986133147701
2023-01-11 22:00:00,263,27.01842980774746,23.251089099442314,34.772319094958135,79.67100238454663
2023-01-11 23:00:00,264,29.73716351865227,35.11735974884987,55.56964120578887,62.757501431894966
2023-01-12 00:00:00,265,20.318600970767463,27.526934692886712,31.61823260329988,76.74513336969005
2023-01-12 01:00:00,266,30.943892983969143,26.796245782567283,56.53037283406429,66.08867804574405
2023-01-12 02:00:00,267,32.61945511917103,17.087527610091207,48.11550917869932,77.28056911322737
2023-01-12 03:00:00,268,30.442110435223306,36.2180094729132,38.24165012061771,66.2520312235322
2023-01-12 04:00:00,269,28.44556914150764,17.886025456868285,52.87257312466793,73.83172428674965
2023-01-12 05:00:00,270,30.487000831343916,34.61162377722199,49.97123897340999,66.48068459037573
2023-01-12 06:00:00,271,31.99523172820065,14.424719924060962,49.63402707083753,76.47973227643305
2023-01-12 07:00:00,272,16.13703621786675,32.026827193622104,49.15776703472606,72.14231232672026
2023-01-12 08:00:00,273,39.77956154125347,33.09027134500113,54.19524108426141,68.26731314169922
2023-01-12 09:00:00,274,31.950466613439634,20.877954393360827,59.2443402195851,70.98858301679726
2023-01-12 10:00:00,275,26.7379570880649,27.112901861364413,54.96615198483852,68.08754779207804
2023-01-12 11:00:00,276,28.045233124061994,27.737402860523325,60.1213318982231,67.61734636658093
2023-01-12 12:00:00,277,32.468708886745944,20.93102758384347,49.558602811521936,72.60867942802305
2023-01-12 13:00:00,278,29.419480304828166,17.754411946315347,66.18459324231975,73.21357606244574
2023-01-12 14:00:00,279,19.846577661092528,18.411413284296174,55.71109822129823,78.07449589455801
2023-01-12 15:00:00,280,40.3224643067966,27.70504109979904,44.56305970317223,74.88496133531304
2023-01-12 16:00:00,281,29.447296713837638,24.57442198740297,39.06104943265595,76.65785486759204
2023-01-12 17:00:00,282,35.100863558579,22.178494833489196,52.0579680373408,72.96210460546688
2023-01-12 18:00:00,283,26.539750761078043,29.8338400558323,36.93478477077399,73.19243196192873
2023-01-12 19:00:00,284,37.68188527122899,27.540339546957387,40.266240324432516,77.64052727456674
2023-01-12 20:00:00,285,31.4317184444614,21.222686368171832,52.39087080373599,72.51952435975022
2023-01-12 21:00:00,286,33.044219172377254,18.993992404913055,43.92112553718046,80.44886325018084
2023-01-12 22:00:00,287,24.773733169265228,27.616308693440384,40.666837597730776,71.72871588992028
2023-01-12 23:00:00,288,36.0557264484135,22.312083157209692,49.65524953911602,73.35492025086394
2023-01-13 00:00:00,289,33.449090822673945,25.49602431265751,50.7267789910379,68.6058409609183
2023-01-13 01:00:00,290,36.50923114782499,32.881494863138585,47.94165974781262,69.49522304654349
2023-01-13 02:00:00,291,26.859562201792105,27.511641200373898,46.22453080940711,69.8493649132385
2023-01-13 03:00:00,292,27.59486440769606,20.688665001233815,58.54642728712449,75.42183812682664
2023-01-13 04:00:00,293,41.51958348841971,25.803305949098863,53.424273512868275,71.89560951491222
2023-01-13 05:00:00,294,24.699920886392263,20.236775235923062,47.76573887805304,76.62668421237619
2023-01-13 06:00:00,295,29.320251496608396,33.04261077974362,74.64321933515365,61.65108570791163
2023-01-13 07:00:00,296,35.684456813013476,22.192106251983894,51.93831736928413,71.13737003444055
2023-01-13 08:00:00,297,30.488624838574278,26.036353734868094,61.3200513367733,68.83404430700162
2023-01-13 09:00:00,298,32.91476839876647,26.53866287339716,44.390189968682435,77.08777294843219
2023-01-13 10:00:00,299,28.002754853685623,25.796252341868513,36.3705905279199,76.20780652270238
2023-01-13 11:00:00,300,31.850279439237593,15.207255224317306,42.08243484356536,77.73760953152212
2023-01-13 12:00:00,301,23.467365741323416,17.76789468008336,47.31990216601888,73.21539669676258
2023-01-13 13:00:00,302,38.29065339809094,22.738248622154543,45.03391790270483,73.69404633732712
2023-01-13 14:00:00,303,29.409179774357153,26.597159166657654,63.363861823227936,64.16780407462103
2023-01-13 15:00:00,304,26.59910898001575,24.311103928571146,48.79958877903892,74.86560614008793
2023-01-13 16:00:00,305,33.331915410159574,20.214262634244918,54.6146887744114,75.07079658291862
2023-01-13 17:00:00,306,27.696401063057234,18.257878404391494,49.535188439671096,74.25914061146182
2023-01-13 18:00:00,307,23.32870764298623,22.99221227750328,45.66445667266832,76.03251947638671
2023-01-13 19:00:00,308,23.266412471012224,22.657619776601386,50.37996013453515,72.4042927654248
2023-01-13 20:00:00,309,33.468865763450665,27.56418228796378,67.14051469770732,65.9845258811562
2023-01-13 21:00:00,310,29.202132809268665,23.36840768920841,42.320514082631846,76.3635530337362
2023-01-13 22:00:00,311,29.331492201657802,28.013538282146648,57.66990450559551,67.80433948916904
2023-01-13 23:00:00,312,35.388719029881315,22.026751151397974,39.73992748374218,77.90105287648458
2023-01-14 00:00:00,313,24.365870956216284,23.720211653928658,45.40373557730561,71.14731739890888
2023-01-14 01:00:00,314,26.346611235675876,23.259768101786904,50.03583205954584,73.59431630721873
2023-01-14 02:00:00,315,28.075600954093623,21.088165165489553,53.26375089726991,73.40688810329878
2023-01-14 03:00:00,316,30.47175794658537,28.12559328216865,64.83128627973814,62.39503120249801
2023-01-14 04:00:00,317,29.789142743547107,20.932020014527467,49.49917358535465,71.0648575316669
2023-01-14 05:00:00,318,28.56556403805046,22.391792450146905,41.56384393464074,72.61590338328047
2023-01-14 06:00:00,319,29.691867989521764,24.634401770259014,56.500419730507694,71.56128686356608
2023-01-14 07:00:00,320,29.46347361854413,18.5131017202163,46.35830191084244,77.08387782038244
2023-01-14 08:00:00,321,26.401978057241035,23.375325208397506,52.386815709318356,73.14420783735382
2023-01-14 09:00:00,322,25.935035057229612,21.44346820128606,48.83777560462248,71.9741762329539
2023-01-14 10:00:00,323,31.372581788619698,23.059229037588754,30.565431487131775,81.57870365639862
2023-01-14 11:00:00,324,25.54542458502236,24.700359986644546,55.08299185593973,73.09060488953058
2023-01-14 12:00:00,325,24.21322370404573,21.000431884296678,55.833680068212985,71.2157539673411
2023-01-14 13:00:00,326,28.438538744371535,23.899621100898223,59.26604768308606,72.62249569753266
2023-01-14 14:00:00,327,29.21166491918092,31.543343761760894,68.00462762460228,63.32509503817655
2023-01-14 15:00:00,328,41.283617486491046,24.871007208727566,38.04896226536524,72.59739766800658
2023-01-14 16:00:00,329,26.476498620718832,30.726310865096124,55.1650744428176,64.82193270230488
2023-01-14 17:00:00,330,34.71630362484748,26.732472210033805,54.092949966409556,71.87332588077025
2023-01-14 18:00:00,331,33.735941671023156,28.870803049094082,45.80918007192178,71.61374683253847
2023-01-14 19:00:00,332,24.05527522398132,21.127705156145872,53.97106236449779,75.0072786054856
2023-01-14 20:00:00,333,33.866264887012996,25.524535825427563,54.99646955111966,70.5620449724855
2023-01-14 21:00:00,334,24.08059679903341,25.66956461307738,37.81316170022803,76.35661097011446
2023-01-14 22:00:00,335,16.704138810016296,21.93687130562532,52.46222761276432,77.53994890931838
2023-01-14 23:00:00,336,33.031597621796905,20.885858378528592,40.82015693995385,80.10472190401237
2023-01-15 00:00:00,337,21.220547082811404,17.548673060463507,43.48143500069409,77.31557843233921
2023-01-15 01:00:00,338,32.25467230902957,32.48069818475816,32.2525518481135,74.83382280259312
2023-01-15 02:00:00,339,26.579945511313916,20.137985553237513,45.26639074497521,77.33998088601227
2023-01-15 03:00:00,340,38.29775398094936,31.7311053661115,47.96429328526523,71.26794166635689
2023-01-15 04:00:00,341,35.34254699658005,22.662534131710732,55.498568672963906,72.16117994263152
2023-01-15 05:00:00,342,27.73307098074306,20.68753350137633,50.00899926671107,73.66646976830845
2023-01-15 06:00:00,343,26.56081194485659,28.112595701524988,34.577118492003216,75.56332096716353
2023-01-15 07:00:00,344,23.9296129845294,21.844040291265713,58.62148056884267,70.5309614647576
2023-01-15 08:00:00,345,27.79538683853704,27.842294594621386,48.814133764499076,74.80134713581917
2023-01-15 09:00:00,346,28.598222524077453,23.335941175738952,54.883705904296576,74.3483701185122
2023-01-15 10:00:00,347,28.176532278041574,27.402122480588933,59.65936118459701,67.99390036656766
2023-01-15 11:00:00,348,30.78351927636182,20.159069680464476,64.22604748969034,71.50923543424827
2023-01-15 12:00:00,349,32.892607488644394,29.156755289923844,69.61226989365015,64.20702285847166
2023-01-15 13:00:00,350,31.74827228496587,27.439863413315024,49.27761241328332,73.88326684129392
2023-01-15 14:00:00,351,26.179280380467784,20.401746549686692,53.11124446093653,75.96351441971169
2023-01-15 15:00:00,352,22.81104263099211,38.21467860507371,39.2163890918322,70.26496563533526
2023-01-15 16:00:00,353,36.82265924051236,27.70061513200247,60.61600170035261,69.70742046312203
2023-01-15 17:00:00,354,26.552754077250313,36.452335352652696,38.1511255542823,71.64963627347211
2023-01-15 18:00:00,355,26.738532000324906,33.001339093743795,31.94748311369579,76.26320922663595
2023-01-15 19:00:00,356,27.394053438494446,24.05582609891108,58.303860053403916,71.54319168118168
2023-01-15 20:00:00,357,20.784652249216755,22.938641226977285,44.78303475052185,75.39957001958383
2023-01-15 21:00:00,358,27.610129979797566,22.982704082895992,57.7760728134224,70.0213748673268
2023-01-15 22:00:00,359,27.601720929960262,15.84985724786095,54.08074649346169,72.70734595304465
2023-01-15 23:00:00,360,33.10179149171756,21.520824403252263,33.69997348976291,79.07389899043156
2023-01-16 00:00:00,361,33.49228574553668,26.233830119899853,22.803206356773856,78.56001196620966
2023-01-16 01:00:00,362,30.018854445431348,32.62978780442404,39.03398252907281,72.09492947298038
2023-01-16 02:00:00,363,34.65924187057152,21.13614058510899,50.16491486980865,76.6634320948771
2023-01-16 03:00:00,364,31.69982491900631,29.410282996815052,37.78223665305228,74.30583685655749
2023-01-16 04:00:00,365,29.921589441987226,18.737033292483403,43.47238550651287,76.75976435958519
2023-01-16 05:00:00,366,30.804640841491114,22.068399873944337,35.41059269402675,76.63636500509652
2023-01-16 06:00:00,367,29.046732532093003,22.71179702855237,51.69877959796924,70.27419719148517
2023-01-16 07:00:00,368,28.02575242983275,26.859055407487467,50.90825927036325,73.96360518586226
2023-01-16 08:00:00,369,28.661332315530167,27.286548233604055,45.186073759523666,69.24752171748237
2023-01-16 09:00:00,370,24.359943342649967,29.81170872407173,63.97065301313742,64.03338368156079
2023-01-16 10:00:00,371,31.40220852658148,28.854184802024683,64.97715027319563,61.453358649634836
2023-01-16 11:00:00,372,25.034381945352095,26.21584107701246,55.65267202536451,69.56399470238497
2023-01-16 12:00:00,373,34.20815632036818,26.95182471754311,32.00228818533255,76.23883206610752
2023-01-16 13:00:00,374,28.752707099195256,32.942653455487665,38.95309852794391,71.03415487261402
2023-01-16 14:00:00,375,30.247474908250453,22.445369093838686,54.071303310832484,72.42966465987811
2023-01-16 15:00:00,376,32.46918388140478,28.873641595335812,43.7144241975541,70.80632179423034
2023-01-16 16:00:00,377,33.21657232531464,15.959280367508743,45.129085682881765,76.65432283040363
2023-01-16 17:00:00,378,22.146882956832737,27.05667121448804,58.9896739458806,72.41041503551395
2023-01-16 18:00:00,379,28.965481619180142,22.58375228760446,55.10874821892418,71.50737349379378
2023-01-16 19:00:00,380,34.40089456040391,25.01285591215755,63.14154433813949,70.3664259923729
2023-01-16 20:00:00,381,21.50947090283873,30.200431225268517,45.70790703353523,69.51387019199919
2023-01-16 21:00:00,382,31.936402376975316,25.823219047631987,63.75225420446897,71.18817140434749
2023-01-16 22:00:00,383,18.722178852989053,29.425937706044635,44.45868752915514,74.97778915024674
2023-01-16 23:00:00,384,24.88746578182198,32.368824075692025,64.99491490138763,64.77915085617225
2023-01-17 00:00:00,385,30.19315275920094,26.945469844328603,51.05834643616779,69.01069796104639
2023-01-17 01:00:00,386,21.71642448839023,30.855205323102442,41.39490252890392,72.32792935123292
2023-01-17 02:00:00,387,25.07244631157925,23.367195111603962,33.68780492346467,78.30466996724074
2023-01-17 03:00:00,388,22.640824962682068,24.95895058865193,46.98527685138307,73.90418947843811
2023-01-17 04:00:00,389,38.2406746610378,22.38690291800761,47.43767302004561,72.61880540258316
2023-01-17 05:00:00,390,30.82113877743667,30.214887973231882,58.57661910122452,64.27357001065812
2023-01-17 06:00:00,391,32.836451389263345,27.070456768967976,48.89409497191793,72.12126919870471
2023-01-17 07:00:00,392,28.88662449742423,22.463827690525388,45.675680214215554,75.0447994578052
2023-01-17 08:00:00,393,28.232841256214005,25.77334416823166,60.770374729475364,68.88636554088029
2023-01-17 09:00:00,394,21.917629056744836,30.20784194409291,47.751734387298484,72.62415986946594
2023-01-17 10:00:00,395,28.540813186260685,24.803660044810233,44.23758183773097,71.37657446021285
2023-01-17 11:00:00,396,26.192538940941883,20.255335945751185,55.74608917292573,75.1698927072223
2023-01-17 12:00:00,397,34.28961962146168,25.65955877893706,45.10171781152733,72.15325018703865
2023-01-17 13:00:00,398,35.705509333287864,15.097172044655302,56.588021416915126,74.6845634208977
2023-01-17 14:00:00,399,37.33289357787089,28.843853221997374,44.03082888216805,70.71726599784836
2023-01-17 15:00:00,400,34.26275969730616,22.893362063376596,47.77040817029621,74.40143623290135
2023-01-17 16:00:00,401,27.00673031538507,22.653446318604466,51.521769755882666,69.40511016433311
2023-01-17 17:00:00,402,24.42051507019803,29.378478393897534,46.25873679735694,70.29696832326977
2023-01-17 18:00:00,403,33.83331590822543,18.174185613874158,49.8654853064261,74.92174851056438
2023-01-17 19:00:00,404,31.781464087361446,34.73549321410179,58.154719692400604,67.71369788995531
2023-01-17 20:00:00,405,21.157307746614848,22.59878979130888,54.106017913200475,72.77019601795985
2023-01-17 21:00:00,406,31.777408963718845,22.383745283075523,54.80969850034624,73.75625443135098
2023-01-17 22:00:00,407,34.072599112439335,30.106123715835814,43.64569561380733,71.8651070867129
2023-01-17 23:00:00,408,30.29462794590815,28.54347636555213,58.528297682743684,66.07197176947541
2023-01-18 00:00:00,409,29.074731644953292,37.25614859537538,56.69562340509083,66.17764841715156
2023-01-18 01:00:00,410,25.961757561918223,23.9439700818424,60.04419192261625,68.3238746981588
2023-01-18 02:00:00,411,22.76732650218306,24.39796680667795,42.73634167813898,73.92762741167383
2023-01-18 03:00:00,412,34.00148974670014,17.603420100183733,48.27541403318543,77.07986529757163
2023-01-18 04:00:00,413,28.454427776141458,23.339488613255874,56.335339024604004,73.32073156488508
2023-01-18 05:00:00,414,28.832666692281535,21.39284352214122,43.911848825828685,75.7272545046153
2023-01-18 06:00:00,415,38.663605934595665,22.756164934472505,47.73877530236044,77.32133440602216
2023-01-18 07:00:00,416,33.42250553429595,16.279061217230222,69.25805737459527,69.94009534890212
2023-01-18 08:00:00,417,31.85412500640551,33.30303779947257,69.51761012267814,63.82437663736953
2023-01-18 09:00:00,418,30.71030902593618,17.916982587871797,62.3994054982736,72.32891965848343
2023-01-18 10:00:00,419,37.599974303828866,10.988986008041435,59.38585136249768,79.78309526365481
2023-01-18 11:00:00,420,38.59794653708097,19.057877892084903,39.80748850494871,78.95762652899491
2023-01-18 12:00:00,421,34.64752555739764,21.980802236019244,55.12562231426122,68.71728655159981
2023-01-18 13:00:00,422,32.91112295698962,19.25222968371441,46.408834049341145,78.62790536295947
2023-01-18 14:00:00,423,19.52698464396928,30.491517703662563,39.41428102394632,72.76685981430376
2023-01-18 15:00:00,424,30.618609571167532,24.310804107019532,44.9099416140868,73.26549164012744
2023-01-18 16:00:00,425,29.34946522903148,25.126928022032295,51.15665074046346,74.53547029068649
2023-01-18 17:00:00,426,30.469766146927842,28.051958821527062,44.52644425701334,71.95347004007347
2023-01-18 18:00:00,427,34.715230436612586,26.43006263489059,44.492005742931596,74.63734044599991
2023-01-18 19:00:00,428,16.301614164052218,29.892836487230216,57.920414984229744,66.14069062252061
2023-01-18 20:00:00,429,27.153439732649076,19.452612231819273,51.44106485123232,73.16911417506469
2023-01-18 21:00:00,430,31.349521774703806,22.262409496602842,52.33458079662318,76.78958453387884
2023-01-18 22:00:00,431,27.665772269736188,28.32983573034769,51.11872396896298,68.92539946961189
2023-01-18 23:00:00,432,22.915469434368703,12.32722768957885,43.242968566283494,79.69395371249058
2023-01-19 00:00:00,433,34.34481743448398,18.124077603413795,36.29428082039311,76.63303536843979
2023-01-19 01:00:00,434,31.38435952923064,27.504961160899732,53.105647104204785,73.57578977630433
2023-01-19 02:00:00,435,25.14447714777758,22.598754825025374,44.92963367874556,76.01772913045384
2023-01-19 03:00:00,436,31.57408602257912,29.68053775054849,29.89217731414122,76.66763719738857
2023-01-19 04:00:00,437,34.10792856024898,29.045901484265812,46.074327420348475,73.60502785291982
2023-01-19 05:00:00,438,30.026463231496805,19.00953559904481,39.07782058659377,76.11321288583095
2023-01-19 06:00:00,439,34.002824017154985,27.033285437334406,56.986502343077554,68.3053130145702
2023-01-19 07:00:00,440,30.391300875808305,31.00848927833753,55.2162522724034,67.74800421661119
2023-01-19 08:00:00,441,28.02385508672823,25.73717200825486,54.968931448384694,67.54379245990025
2023-01-19 09:00:00,442,24.202897418000436,20.112675613770655,43.34958381841309,79.56164130029066
2023-01-19 10:00:00,443,29.570346165141935,29.39694970956685,57.31551581862154,68.07001229924337
2023-01-19 11:00:00,444,30.97146469022886,28.17712263276998,53.19649783134073,69.3059120617018
2023-01-19 12:00:00,445,34.379163807936656,27.71305391749398,45.90145461560181,72.84548763570903
2023-01-19 13:00:00,446,29.424462657563865,28.579694467184957,45.46662567861483,70.56500049414947
2023-01-19 14:00:00,447,32.287078031104954,10.026935698861905,58.927081528737006,77.39863369957388
2023-01-19 15:00:00,448,25.176939931331358,29.40468780540486,45.26395943036342,78.57354536219353
2023-01-19 16:00:00,449,26.086854220862374,34.04065905289488,53.036564735262786,68.27806511346533
2023-01-19 17:00:00,450,29.448053504865563,27.183192373146465,60.33956986812784,71.64315497225708
2023-01-19 18:00:00,451,24.72685768007493,25.963644982498636,69.09342625557109,65.57998338716752
2023-01-19 19:00:00,452,34.1012391866234,28.482193366957198,66.6387312443773,64.26414596294634
2023-01-19 20:00:00,453,32.31565164659303,26.691127368425576,59.0082276420903,69.57137520190344
2023-01-19 21:00:00,454,31.395478821962268,28.25890630850308,34.940886484286125,72.70487101361456
2023-01-19 22:00:00,455,31.694520626079722,25.007355001227054,43.109515705820286,69.9495522567488
2023-01-19 23:00:00,456,40.10521780742398,21.1664757273155,44.51912812527465,77.52420870880414
2023-01-20 00:00:00,457,27.655679060166023,19.978386438926933,66.53149832565322,71.33403357278503
2023-01-20 01:00:00,458,18.992793572497213,20.00904135884068,43.00682059027909,78.76113558700207
2023-01-20 02:00:00,459,30.996500984482324,18.134787245245523,53.86166377098369,74.83044699246213
2023-01-20 03:00:00,460,29.74698229519167,19.661289944904468,51.008670632573114,78.82349923753516
2023-01-20 04:00:00,461,27.412404787447983,33.806330637099315,40.64872790562456,70.72755993564775
2023-01-20 05:00:00,462,25.10585070320615,28.770478318281214,53.81824009619384,68.36135933042009
2023-01-20 06:00:00,463,27.80405239098926,21.874863046576642,53.982960861974924,66.85468278810455
2023-01-20 07:00:00,464,30.906692146089107,23.04803653007246,37.44225118258498,77.14897464488179
2023-01-20 08:00:00,465,27.485916496787308,25.562787654532272,62.2287744705341,70.213729401693
2023-01-20 09:00:00,466,42.06226839771874,21.72227485257821,29.134899711448124,80.41211505735545
2023-01-20 10:00:00,467,25.19747809183426,25.337584285871625,44.09242847090038,76.3519227846876
2023-01-20 11:00:00,468,26.03441318646164,28.888020689514562,59.71970293865576,72.22984110615677
2023-01-20 12:00:00,469,18.556899799927358,24.82128633225913,38.06742166525961,75.82242991753816
2023-01-20 13:00:00,470,31.257422075107684,26.68007871330996,53.502659195620296,73.07167000384554
2023-01-20 14:00:00,471,19.917966861001197,29.432457696798078,37.0363961172457,71.0011471660672
2023-01-20 15:00:00,472,27.302726833127494,23.63934121990896,49.06975855555777,75.52204003209144
2023-01-20 16:00:00,473,28.621647327197216,26.423952995671815,26.862268868277997,78.85632380245423
2023-01-20 17:00:00,474,26.451360170765557,23.453112035583192,41.57428298286992,75.3583780906533
2023-01-20 18:00:00,475,38.69436338727255,24.85735565082792,34.570785528457094,76.87328867603594
2023-01-20 19:00:00,476,34.97197195657749,23.3763486745852,45.98236257873499,74.20450995240962
2023-01-20 20:00:00,477,36.59568438150788,22.355650732219424,45.84768604178343,74.45026300266476
2023-01-20 21:00:00,478,25.58790590725041,25.86855926493512,43.263358286908606,74.48405882175919
2023-01-20 22:00:00,479,35.64297032257284,27.832726579091062,57.979131965667456,68.34131285262143
2023-01-20 23:00:00,480,32.48000473171981,25.731522230005222,41.13120396128562,72.48329273868531
2023-01-21 00:00:00,481,33.85702974338423,27.49363479155966,56.343866731890515,70.18413036263726
2023-01-21 01:00:00,482,35.147194143913836,21.31034109879385,66.29275769958862,68.24126624394755
2023-01-21 02:00:00,483,25.456183770204735,18.9813240390011,51.39064150304682,77.18811875916967
2023-01-21 03:00:00,484,27.878411895110492,27.085217514838018,41.423297954246,73.96274792316242
2023-01-21 04:00:00,485,34.31298005664225,28.43940695587377,37.506614851384576,74.78235997329013
2023-01-21 05:00:00,486,16.721904535125336,25.249286332999112,42.902148998805,70.40624830736961
2023-01-21 06:00:00,487,37.56664041286602,31.740178902123596,57.04642720749891,64.5026221303523
2023-01-21 07:00:00,488,32.76566032103792,29.538493989939493,51.55590734968897,71.64320958713846
2023-01-21 08:00:00,489,29.771480196698825,38.402854203845,59.367952162539886,61.520553797263176
2023-01-21 09:00:00,490,31.102538278785865,23.995957430021672,57.70330879327212,69.62615332900963
2023-01-21 10:00:00,491,24.85032358345512,20.005756019523158,51.40810651878236,74.01881010006716
2023-01-21 11:00:00,492,28.250283177054477,21.299316046302433,54.73488261666462,75.65736237750409
2023-01-21 12:00:00,493,35.50142169110187,22.17251096812672,68.5524620942048,69.09628188327837
2023-01-21 13:00:00,494,36.490109861631105,27.380156917190572,64.1565622617468,69.68348206964734
2023-01-21 14:00:00,495,43.481120262817896,14.209657180193716,46.972539830957466,78.26791386555352
2023-01-21 15:00:00,496,29.630376668597926,31.592755090454183,59.896794419358905,66.66093665649802
2023-01-21 16:00:00,497,26.707235165974982,23.80351704428828,55.85850805817935,68.9342021496501
2023-01-21 17:00:00,498,27.428830170300056,23.766032211056242,61.36388077539739,72.0638821321394
2023-01-21 18:00:00,499,24.909790623563175,19.603284169875025,56.7161657203591,73.40080460634447
2023-01-21 19:00:00,500,29.610726220295746,24.428872242749097,40.2583256495701,75.79632438134698
2023-01-21 20:00:00,501,31.91366215006134,25.06619883833767,33.80315434627299,78.00258535540058
2023-01-21 21:00:00,502,29.828788597340232,24.390275361998615,55.72627017205086,73.98056541522607
2023-01-21 22:00:00,503,35.48173422832899,26.695296279712153,69.02618198369831,65.51550705205725
2023-01-21 23:00:00,504,28.82892099327732,22.051839790244852,42.24335892060029,79.6271503442073
2023-01-22 00:00:00,505,28.262746737507182,20.520921197945864,48.1191026195035,73.60076344636845
2023-01-22 01:00:00,506,27.093657615698373,27.7416406524899,39.64252273804787,75.08079206827887
2023-01-22 02:00:00,507,21.836827368827525,25.493337269078978,61.7782950470566,72.73827997369328
2023-01-22 03:00:00,508,22.16116137845773,25.985905275986838,26.948331449564794,77.94291846461992
2023-01-22 04:00:00,509,24.104210346811563,30.29513627220983,27.363396989641913,77.13392447388934
2023-01-22 05:00:00,510,36.5071403583238,19.887178043696572,53.750199198201535,75.68636134436413
2023-01-22 06:00:00,511,34.47630136444965,20.72379771374568,49.176563532086476,74.6093326857038
2023-01-22 07:00:00,512,36.87482033196495,31.28609825414497,45.20376984926193,67.79511336582027
2023-01-22 08:00:00,513,23.33894172702749,17.585583212129787,46.98905213476586,74.99857403536743
2023-01-22 09:00:00,514,20.1568765510699,18.452939268344927,55.36987914456362,75.32443180016612
2023-01-22 10:00:00,515,26.699718399329587,29.08930915592498,45.86196010950335,73.479788029165
2023-01-22 11:00:00,516,30.87909476648014,26.191000960110195,39.03075028266886,76.76438510378624
2023-01-22 12:00:00,517,32.49345137454914,25.52616068529638,40.726370719270335,77.3118724693064
2023-01-22 13:00:00,518,35.239860779840264,24.541702959498085,58.88338861996843,70.20810232413247
2023-01-22 14:00:00,519,31.42139835403607,25.156337735137846,44.7525804503778,74.41252333873975
2023-01-22 15:00:00,520,38.71334390327816,24.53943942654022,36.147224162328015,73.84837571971643
2023-01-22 16:00:00,521,28.886971595258398,31.77721351297209,51.02178326943971,69.43951617008672
2023-01-22 17:00:00,522,25.43460390979102,23.009259356249625,55.04994721780011,73.20574772731736
2023-01-22 18:00:00,523,21.59390892252783,24.193132318611106,63.289607475532236,67.7501290084028
2023-01-22 19:00:00,524,25.55514320952275,33.97224402612537,52.17903387121669,68.64817122336214
2023-01-22 20:00:00,525,31.210589804925615,25.13754851014918,43.402887527903296,70.77858179751878
2023-01-22 21:00:00,526,25.556398713231847,36.16008194762589,54.740078672770295,67.00013461994504
2023-01-22 22:00:00,527,34.68371231767629,24.475101494905232,57.27174870020436,71.18149328972768
2023-01-22 23:00:00,528,37.06163853018722,31.837074912300793,49.61094693336193,73.41939553101706
2023-01-23 00:00:00,529,18.152065473866983,16.72327980845161,49.554006072744265,79.59832934768144
2023-01-23 01:00:00,530,34.320261502488236,25.768222304078332,52.60132904938768,74.34945085026159
2023-01-23 02:00:00,531,18.801979706691316,17.077632184245324,49.30143501743816,78.30554759538224
2023-01-23 03:00:00,532,32.00749527545144,29.222271533022933,52.50113906883126,70.93175374066968
2023-01-23 04:00:00,533,36.1243528209683,18.935660918954877,39.78086675573071,76.23464688397749
2023-01-23 05:00:00,534,30.324280531717882,26.418847771916727,38.495622301814905,74.5717068227936
2023-01-23 06:00:00,535,23.6015541339788,23.589020616547824,41.63888620499231,79.36728077155013
2023-01-23 07:00:00,536,27.072843978611136,19.208984074079858,56.42210943329426,70.55654623552562
2023-01-23 08:00:00,537,28.691772771445496,16.90320008551229,52.587975673406085,74.87144358559577
2023-01-23 09:00:00,538,29.088776081050284,22.444797682099452,60.402389642495585,67.81841610457226
2023-01-23 10:00:00,539,28.985515796166666,33.703147229476656,48.1330907788539,71.61040277966977
2023-01-23 11:00:00,540,29.450586103453432,23.53257472555311,38.5635860415815,75.53307416765777
2023-01-23 12:00:00,541,31.067400244550843,29.58610771057928,61.44553535284558,69.86235427071927
2023-01-23 13:00:00,542,23.957131731333895,24.71478566168906,49.81232944460107,71.87138334833655
2023-01-23 14:00:00,543,28.789900850648902,29.38363386845226,62.834550362665254,65.44955379664682
2023-01-23 15:00:00,544,37.59130585177853,15.865443108477411,55.9794649139218,77.83049734955408
2023-01-23 16:00:00,545,28.07677288428741,22.984058465752334,71.88618678822837,68.81977818344289
2023-01-23 17:00:00,546,27.780819534224012,29.747027618966094,47.80227014286638,65.3532445292219
2023-01-23 18:00:00,547,35.39098651857119,24.183725255834105,59.007239050891805,71.1082472365298
2023-01-23 19:00:00,548,17.20407666827952,24.567723586444764,58.91364106352944,71.24237964422338
2023-01-23 20:00:00,549,35.90689300644143,22.847690440571036,44.4487365450555,75.66114767799965
2023-01-23 21:00:00,550,26.840481209974165,30.74689691683562,48.27517682893039,68.82868248525352
2023-01-23 22:00:00,551,30.819642862262935,26.48757176977473,35.38261657783277,76.19824603104199
2023-01-23 23:00:00,552,30.481606779605983,25.22011138087674,34.51203862997335,76.24020975863829
2023-01-24 00:00:00,553,34.71234059610197,28.215272726696462,51.26568801530775,70.9353032872794
2023-01-24 01:00:00,554,28.66202626882326,27.94112464558968,57.93007070697428,68.24562793939074
2023-01-24 02:00:00,555,26.609871092177748,26.062935232187684,56.38024033495455,68.81060396694191
2023-01-24 03:00:00,556,36.48922895325549,32.73515748495422,53.40024598259652,67.93988835535318
2023-01-24 04:00:00,557,18.1791309142941,24.698562331804403,58.63017153151091,71.66654519501331
2023-01-24 05:00:00,558,30.101670908526216,26.39040523983972,44.10302204300675,74.15190255196885
2023-01-24 06:00:00,559,23.260372886854398,21.78523723323555,47.274672515122404,73.81769484898304
2023-01-24 07:00:00,560,26.192133058717204,25.750576135030645,57.37521513413882,70.58465543298385
2023-01-24 08:00:00,561,40.05628340731569,32.93880761872684,54.33118729448933,69.37082478600772
2023-01-24 09:00:00,562,29.777022867720714,21.783711991056308,47.89811186203238,77.92951878301452
2023-01-24 10:00:00,563,30.975348485756907,19.332035871807705,63.20794386127915,73.78670407403128
2023-01-24 11:00:00,564,21.092185721472042,29.983798214099078,37.079987489528726,74.95886503280992
2023-01-24 12:00:00,565,26.35477670602652,24.256169238831603,44.813213127114075,72.40970338002221
2023-01-24 13:00:00,566,30.982787003643924,25.48002102484885,47.166022255437476,70.37907735710259
2023-01-24 14:00:00,567,31.773788465566092,24.774433481533325,58.16534879773771,69.75841619247389
2023-01-24 15:00:00,568,33.08443277196639,25.395608619647675,50.023851979152354,69.47667053331813
2023-01-24 16:00:00,569,30.04313949458788,29.25265341761719,37.38508253209385,72.588579073442
2023-01-24 17:00:00,570,32.6350210422733,20.804379047003632,55.14004179816064,72.71555332754765
2023-01-24 18:00:00,571,32.26890956317842,19.94112957947256,60.87546315466895,70.79837542038524
2023-01-24 19:00:00,572,20.851297944977343,25.42484068518854,57.39304533133026,69.41382994538581
2023-01-24 20:00:00,573,30.18502860955075,16.967801552750835,56.19154921605489,72.0026252042119
2023-01-24 21:00:00,574,33.83951203866352,18.13473231979036,31.256865032589317,82.01850784991443
2023-01-24 22:00:00,575,32.9493991036726,34.333415741658136,41.001135232565154,72.52596766153519
2023-01-24 23:00:00,576,28.18070595014605,28.78734165030702,54.82080608672201,68.06381241325155
2023-01-25 00:00:00,577,25.97186746230316,24.949717640654928,49.45111815245612,74.14131642231813
2023-01-25 01:00:00,578,24.408440378391838,31.1900346797922,55.22557601998812,73.16276328154362
2023-01-25 02:00:00,579,29.34472994229294,19.797003849574274,37.33657323037046,78.71690404583282
2023-01-25 03:00:00,580,35.66539939779861,23.421984383070708,49.38505235715114,74.77591211721837
2023-01-25 04:00:00,581,20.24097949259199,28.11726804712191,36.10218981103793,75.50424921330237
2023-01-25 05:00:00,582,26.70054135135251,29.453358407156973,30.463214373805936,78.07360394272783
2023-01-25 06:00:00,583,24.30098772286613,27.56458423413888,52.957790885068874,66.8930708641857
2023-01-25 07:00:00,584,33.9247876062025,12.293805961558878,58.4258879645698,74.21141709395918
2023-01-25 08:00:00,585,27.228451867143495,20.15958941167711,52.456164279017756,74.47028386659889
2023-01-25 09:00:00,586,27.646811709226043,27.385340461784327,49.670035197353336,73.18024434221877
2023-01-25 10:00:00,587,28.915252150316753,23.22024253476597,34.37985658170734,78.33696980983471
2023-01-25 11:00:00,588,32.226966254473986,37.70115810379586,60.06107067097547,59.80195324487414
2023-01-25 12:00:00,589,28.038055009251817,29.63279150483548,49.559551026240584,68.66851238679328
2023-01-25 13:00:00,590,14.769284726000366,27.790409403093328,69.59562005205768,63.636697047641604
2023-01-25 14:00:00,591,32.716559456937595,19.415252231266383,59.42314308276967,73.243414849542
2023-01-25 15:00:00,592,32.19521478836021,24.82351630198542,29.948745733478518,77.07954020928288
2023-01-25 16:00:00,593,28.902294858343932,26.206019821094763,57.55049680255888,68.2702268390834
2023-01-25 17:00:00,594,24.579816896640327,30.63891815063901,36.03464762426843,76.03964179067538
2023-01-25 18:00:00,595,31.758900553406793,29.405655485498162,42.40504509570936,75.2462912821353
2023-01-25 19:00:00,596,31.896177667677932,30.164945972599728,47.492433232398504,69.84324743330852
2023-01-25 20:00:00,597,27.649835586495627,20.38043992094999,49.05937549637396,75.94177273531257
2023-01-25 21:00:00,598,28.916342647122306,32.060758491493154,53.97565215617466,64.01395751033834
2023-01-25 22:00:00,599,25.349217487378393,18.097846238463653,39.77144959195786,79.41629612189149
2023-01-25 23:00:00,600,29.107054539563354,22.32042719166919,38.49307995743353,79.671818516527
2023-01-26 00:00:00,601,22.247853274582596,27.153855674728206,56.00605201733076,70.67481996795136
2023-01-26 01:00:00,602,32.08659410515918,24.250542041334302,49.86749732065973,73.11660147184986
2023-01-26 02:00:00,603,25.278157545878532,19.96981571039804,51.743730487015256,73.71468705175113
2023-01-26 03:00:00,604,31.19051573916156,20.892250871984338,28.0631664830534,79.841340587909
2023-01-26 04:00:00,605,22.970185418660503,17.258728385754786,48.228626166846766,76.54388314668098
2023-01-26 05:00:00,606,27.0497117706523,27.659873195035956,41.09270816938504,70.73936867519387
2023-01-26 06:00:00,607,29.447552974670362,31.302844225210748,40.79373626983131,75.33137496304172
2023-01-26 07:00:00,608,21.696500940653685,24.49803248299317,59.21934804224578,71.11360062661932
2023-01-26 08:00:00,609,30.57573936570046,22.998255924932884,39.043287710274875,76.58301165602452
2023-01-26 09:00:00,610,28.104262185600387,17.638385357667552,39.071033936739695,78.21988759048965
2023-01-26 10:00:00,611,21.288219010953846,29.56600962126089,46.68989396598254,71.0693477592593
2023-01-26 11:00:00,612,23.483786229438422,36.05652166619747,54.502888306473444,67.21646255948492
2023-01-26 12:00:00,613,33.02560042041083,16.01272097816551,41.15985270251914,81.66857948259941
2023-01-26 13:00:00,614,34.47777992775662,19.682835309226967,62.341440357800614,69.64876837791485
2023-01-26 14:00:00,615,29.340456801100164,21.60203478727928,64.49847525361218,67.9023825099294
2023-01-26 15:00:00,616,32.02380906020249,22.178410451587556,41.185529335315366,80.71159589922816
2023-01-26 16:00:00,617,31.119217816564554,26.136729750717404,47.54918244423144,74.94006610680324
2023-01-26 17:00:00,618,31.64811491063869,33.07124773640113,42.21324527342387,72.2174424314283
2023-01-26 18:00:00,619,36.429920035401466,30.042986434300516,33.14617895128772,74.75736061002868
2023-01-26 19:00:00,620,22.465008008928642,27.63798691387158,53.03011050456158,72.12001406822131
2023-01-26 20:00:00,621,33.382303661808116,21.38035647970699,57.3359486822937,69.56257080379616
2023-01-26 21:00:00,622,28.0899552221109,19.40185883159773,70.11864263126562,72.32701463789154
2023-01-26 22:00:00,623,28.8787053287418,21.016123468468496,41.02590496368663,77.11262232718545
2023-01-26 23:00:00,624,28.48875134772465,32.74033400689369,63.36235090812621,66.2028507284328
2023-01-27 00:00:00,625,28.12426441669358,24.691283492710493,63.423536912579536,69.91973272966125
2023-01-27 01:00:00,626,23.869019041084904,22.765818731686895,51.97853309567153,72.76038888293125
2023-01-27 02:00:00,627,30.916695996288006,24.081221348750038,56.02163489576064,70.80216614670186
2023-01-27 03:00:00,628,38.354715163944284,29.12309109819234,58.73273048300703,70.2618015885537
2023-01-27 04:00:00,629,29.719334897756216,18.43575162725104,69.740999482419,71.91281915081396
2023-01-27 05:00:00,630,29.99307478632452,32.074370679612116,54.778085626164696,63.98492673238369
2023-01-27 06:00:00,631,26.56350481421668,25.782381284731496,49.39862114496315,68.90441154003238
2023-01-27 07:00:00,632,29.412627267909443,23.91828010852137,41.338312009925275,73.74692510204942
2023-01-27 08:00:00,633,32.33083213017015,27.214230568733694,53.05320755012498,68.68983165399627
2023-01-27 09:00:00,634,28.148787796478285,26.091985365649684,60.2416493277307,66.64446077368149
2023-01-27 10:00:00,635,27.730979794739994,23.279017717663095,52.44610361329472,73.17088134370461
2023-01-27 11:00:00,636,32.01632270081623,23.736446639791968,42.20076751074997,74.54413753261107
2023-01-27 12:00:00,637,25.40997615090477,20.655687265670238,50.89076202496563,76.81717700319955
2023-01-27 13:00:00,638,31.26248313538436,28.281953754296513,48.708465175398864,74.15223910126619
2023-01-27 14:00:00,639,34.101608986307106,22.34003095294419,52.64738757755707,72.9784017752656
2023-01-27 15:00:00,640,36.799742708397424,20.218707887838587,33.3815163278175,83.24310705508125
2023-01-27 16:00:00,641,29.548089963615265,25.829317613267687,55.50788614102731,70.4814039713394
2023-01-27 17:00:00,642,36.837986199033566,31.645706413727765,55.95423156763723,66.52129602934514
2023-01-27 18:00:00,643,35.17204943240759,24.7582768811009,54.44853438186509,71.41587272347786
2023-01-27 19:00:00,644,25.01893679814467,21.95949371524155,49.96237182854976,75.92126159780042
2023-01-27 20:00:00,645,23.910307442034245,27.01948010417987,31.940637373965785,73.67914679032053
2023-01-27 21:00:00,646,28.475181810727896,34.68356231201276,49.80677208028737,67.2989885754585
2023-01-27 22:00:00,647,35.14467746297427,17.740472352841262,60.6071499934217,73.5424301461866
2023-01-27 23:00:00,648,29.638564962199975,26.91101393892647,41.39871123707539,74.85104898989123
2023-01-28 00:00:00,649,26.996712211711056,26.025433126159268,30.107305338387164,77.2182191487584
2023-01-28 01:00:00,650,37.7612159002428,30.807669017795586,34.59442028129306,75.19541089200123
2023-01-28 02:00:00,651,31.434522440016732,29.954545868424226,53.140256918206035,69.6648932262278
2023-01-28 03:00:00,652,18.397028621046292,24.066454440951105,53.728760088524375,70.66432852602235
2023-01-28 04:00:00,653,31.585803131463443,16.577413722875583,58.86293194621468,78.41561081257535
2023-01-28 05:00:00,654,32.60020307285434,29.032818839481298,49.447410042703474,71.52846797951092
2023-01-28 06:00:00,655,31.12804327235552,20.824036549042585,34.9967162402143,78.42660015306676
2023-01-28 07:00:00,656,32.248560501159965,20.266297945214053,41.81495859406324,76.17892538221712
2023-01-28 08:00:00,657,29.663621955385093,30.74175290345563,58.18839372599348,69.23142326693598
2023-01-28 09:00:00,658,23.40802065177633,20.445748111806736,51.40495907439476,74.55975780390634
2023-01-28 10:00:00,659,28.146479983897734,32.01422370050122,56.49829634679979,72.13962464133984
2023-01-28 11:00:00,660,25.271921022218542,26.679223607026564,54.347888054610394,69.48417353419943
2023-01-28 12:00:00,661,25.33629544602811,26.595592000431413,47.95039448269704,69.83187177807059
2023-01-28 13:00:00,662,23.684658254488625,26.536323902527954,48.259931624919666,72.19846164359292
2023-01-28 14:00:00,663,32.26244546319823,16.807881871291038,68.57102269755859,71.37488717276179
2023-01-28 15:00:00,664,30.489480727063135,16.118056918267122,54.14674266609221,71.46004747175819
2023-01-28 16:00:00,665,27.75917318659646,26.077765268943423,48.71412449683639,71.7285429877144
2023-01-28 17:00:00,666,26.75331036134806,27.8400367961321,54.554199909368094,68.97689074634833
2023-01-28 18:00:00,667,29.88288447489274,25.413055160781006,52.22905819624273,70.88722788832558
2023-01-28 19:00:00,668,35.395973640562445,20.89232741490236,28.426436265055386,79.765453917771
2023-01-28 20:00:00,669,19.978921422505422,25.094610519410974,56.50084514372314,67.81605611100069
2023-01-28 21:00:00,670,31.884382604254462,24.589829234272578,68.20939274089676,68.7583436634382
2023-01-28 22:00:00,671,27.27144012991109,20.21420950862295,42.19720131609936,76.06605316287936
2023-01-28 23:00:00,672,20.57707077510276,30.06986077056081,64.54035748839166,63.55555946340039
2023-01-29 00:00:00,673,20.271484584180207,16.34861969224957,47.43130302668083,76.07643071023516
2023-01-29 01:00:00,674,25.436082529323542,27.94371203403753,52.93471397649822,69.20308331053786
2023-01-29 02:00:00,675,31.097547778965225,26.921617026056225,60.70360016973174,68.54540568547841
2023-01-29 03:00:00,676,31.965314669900458,30.048559274058572,42.799985687091905,73.47240262956413
2023-01-29 04:00:00,677,25.305092136611073,19.973440638255706,62.42493912818471,69.3794389463866
2023-01-29 05:00:00,678,35.08510495706622,25.507035733341056,37.85782718640661,74.93053918229862
2023-01-29 06:00:00,679,37.11491748258053,35.85582474659083,41.24845251086084,67.0065364174064
2023-01-29 07:00:00,680,31.9804329247828,28.31037144499853,44.06479682652474,65.84077524269856
2023-01-29 08:00:00,681,27.042986660959446,25.502906043644817,56.62005366451902,70.57411874028506
2023-01-29 09:00:00,682,35.62209592255184,27.695806370570985,46.59125589430529,75.2147270814244
2023-01-29 10:00:00,683,33.77697847831669,25.4308842119006,34.800255404141325,77.88864777951295
2023-01-29 11:00:00,684,34.33703705677459,35.9544900661992,47.83467128150171,66.65823367016391
2023-01-29 12:00:00,685,26.717681625142344,29.918180978945898,42.15778617465616,72.58653194334067
2023-01-29 13:00:00,686,15.827227473626488,24.571925228847515,57.312936208403684,68.17051632106501
2023-01-29 14:00:00,687,40.583955107418376,26.261657156922606,46.567649455448965,72.65429186883884
2023-01-29 15:00:00,688,21.94560798275033,23.04601001959493,50.70774075900651,72.40925425638544
2023-01-29 16:00:00,689,29.821159640698895,31.049250632051525,45.945275428593284,68.98636359126148
2023-01-29 17:00:00,690,41.90372675609875,17.969476143044947,54.33938968230289,75.52474948339596
2023-01-29 18:00:00,691,31.65288378137187,16.976307350695066,48.16409236529446,82.26235294382224
2023-01-29 19:00:00,692,34.74623236779118,32.29357374837997,53.251987146870654,71.20851599461824
2023-01-29 20:00:00,693,22.488017153091437,35.76559896285291,24.066114352582897,74.75322017015448
2023-01-29 21:00:00,694,21.111665226331468,27.34152453844796,50.97250876977786,72.80571440927437
2023-01-29 22:00:00,695,27.336486040102226,25.563689706178685,54.13913670110233,72.70182900471922
2023-01-29 23:00:00,696,35.4537486721725,28.286338451523886,48.00719945085408,70.1595948876102
2023-01-30 00:00:00,697,28.26875276176345,21.764732368086204,56.69392471392541,73.3972645487805
2023-01-30 01:00:00,698,26.026818394642508,25.856217725761063,57.386070289928206,66.9740858531287
2023-01-30 02:00:00,699,30.989836449724837,25.194543529281074,63.04213891849503,66.87948977610779
2023-01-30 03:00:00,700,35.40967609238633,28.132821253726803,51.048116080722814,71.09666028973201
2023-01-30 04:00:00,701,22.77529900463314,17.21000735908302,30.861992953300188,81.30682310975418
2023-01-30 05:00:00,702,23.94728502938324,22.464826151173312,27.14500551210355,84.13704255684272
2023-01-30 06:00:00,703,26.05665372745317,29.224978015004186,33.98159047925482,76.48911471783215
2023-01-30 07:00:00,704,35.47319187356046,21.622030861849684,49.620929388158636,73.53862951029564
2023-01-30 08:00:00,705,31.17410762974366,20.033193122884324,48.426947117194345,74.51415987717257
2023-01-30 09:00:00,706,40.66076705285222,35.21036074913477,52.76239852019974,66.94004128579927
2023-01-30 10:00:00,707,34.68222862915558,25.190590000897,43.74754077442826,72.16938018993865
2023-01-30 11:00:00,708,29.82452411565165,22.10540930028396,42.63508828494252,77.34799277096437
2023-01-30 12:00:00,709,36.32538919044383,16.538147812629457,55.55047942410434,72.31517836656302
2023-01-30 13:00:00,710,31.05748506365939,28.64673173140213,56.55924411372502,69.95488129210291
2023-01-30 14:00:00,711,26.475393237462775,28.49568076859347,47.43349864519519,71.19292055818387
2023-01-30 15:00:00,712,33.39987422122551,23.50620199715032,49.61523341761047,74.19155601232423
2023-01-30 16:00:00,713,26.518366730694588,19.488849045464548,54.04314343328991,72.01746059660482
2023-01-30 17:00:00,714,28.548014495980667,24.877252881788106,55.04343575162994,71.53831324779321
2023-01-30 18:00:00,715,36.63891347978991,20.82071966259189,38.560193004012596,82.84627775052559
2023-01-30 19:00:00,716,29.493592568913,20.28953205563442,42.80426144082049,76.09952203501531
2023-01-30 20:00:00,717,25.984293063291858,24.483936242691463,37.694539543546135,77.08446973624848
2023-01-30 21:00:00,718,27.67831154282254,19.743048006699677,44.93093385163169,79.66032974067528
2023-01-30 22:00:00,719,35.10895292794336,26.233244776262232,58.123335893418314,70.96978513356365
2023-01-30 23:00:00,720,27.237296632916355,28.039962547031987,55.462718669437656,70.20497409394197
2023-01-31 00:00:00,721,28.065645765746766,20.801837764134042,39.019020396374415,75.86599645397828
2023-01-31 01:00:00,722,27.448536301831858,18.158774523308047,55.12266726825982,71.82863581327474
2023-01-31 02:00:00,723,30.91962747170155,32.80639799477903,50.85843105342452,68.44613656794803
2023-01-31 03:00:00,724,28.072551198121957,20.298648820213977,45.06073292914079,75.40598400052437
2023-01-31 04:00:00,725,21.990819755137316,21.700286474488312,35.93540344896368,78.33111930051616
2023-01-31 05:00:00,726,25.564095290774798,26.065085837149436,48.25176628382233,72.90324054431761
2023-01-31 06:00:00,727,25.33605479246781,27.996846862611484,56.79944006115956,67.60888887266063
2023-01-31 07:00:00,728,36.21659692227578,23.718415531551788,28.369023516038745,80.61829123144032
2023-01-31 08:00:00,729,34.063370210545216,27.303971638506276,46.038768022485506,76.25349615118341
2023-01-31 09:00:00,730,32.93629689699913,22.995069210517997,72.54283698804963,64.72093232356522
2023-01-31 10:00:00,731,27.473208413677952,20.144146675878048,56.726367185680935,71.97092378931488
2023-01-31 11:00:00,732,25.921042290030144,32.131584303935135,52.59832495003476,68.05548904566201
2023-01-31 12:00:00,733,27.462411991713214,37.44220807165564,42.62814830429086,70.77137082076611
2023-01-31 13:00:00,734,24.74059948724163,33.47984766507085,43.2167016212603,67.92230167972308
2023-01-31 14:00:00,735,42.48600195793504,25.709033195767272,49.16711604300037,70.2650523804481
2023-01-31 15:00:00,736,18.773391758142992,34.16717680907839,66.02863629377136,58.78049868169667
2023-01-31 16:00:00,737,32.820042675369045,26.778517578619923,54.65589190894931,69.33324921157754
2023-01-31 17:00:00,738,23.577238510037365,22.613568647983854,41.27841602229177,77.6699824013642
2023-01-31 18:00:00,739,29.478282542526536,27.331897871909895,61.767869623838635,69.93413959484975
2023-01-31 19:00:00,740,25.059990287531328,24.528037467944074,47.074057928419094,74.3280712101177
2023-01-31 20:00:00,741,24.111855187586848,20.08440908127146,66.97346481013949,68.6638420575575
2023-01-31 21:00:00,742,24.299018495325193,20.50839014283992,44.33396975362296,77.85855722989791
2023-01-31 22:00:00,743,38.77493076871029,29.010258693702582,39.96734243096111,73.91330510509262
2023-01-31 23:00:00,744,29.33505788845204,15.767340091676635,51.7462957781357,72.75103002286112
2023-02-01 00:00:00,745,26.171489027609567,28.02068370221342,59.82326983800298,65.58648753226132
2023-02-01 01:00:00,746,32.778934820414364,16.852081986257808,60.3744479673091,76.48535522707095
2023-02-01 02:00:00,747,30.051746572831497,14.394117775487821,51.59191766668812,77.9697759782002
2023-02-01 03:00:00,748,33.60016879670826,15.805766981207508,40.11903312031389,77.31181779628491
2023-02-01 04:00:00,749,20.878716720310848,34.833819859673696,44.94659278102115,70.73901845198037
2023-02-01 05:00:00,750,31.518019522310006,24.01883017528229,29.817181316457834,81.16830043694678
2023-02-01 06:00:00,751,33.86347418551191,25.432915900827094,40.8687846243118,74.15283860337352
2023-02-01 07:00:00,752,21.692008544427182,32.096275229554756,48.21543185102737,70.80259702268799
2023-02-01 08:00:00,753,32.24097642211656,29.670898742498625,53.89002140653479,61.51734293088669
2023-02-01 09:00:00,754,38.480907864140804,18.042473652978902,46.60545678535221,78.9442797282812
2023-02-01 10:00:00,755,29.925711483226486,29.345031714093807,49.430209450222605,72.84873209172606
2023-02-01 11:00:00,756,34.107029685124054,25.92090632351773,46.03814555250183,70.97869774296312
2023-02-01 12:00:00,757,33.35285225155455,23.291609512020596,57.5102530418977,71.665290130451
2023-02-01 13:00:00,758,26.462471512447117,25.1214545706889,41.00887061573461,74.46037044384029
2023-02-01 14:00:00,759,30.198833672932476,31.39906010314011,58.375479141463266,66.58276724444931
2023-02-01 15:00:00,760,22.165026445691986,20.570167589795236,69.6088081251391,67.98251287849051
2023-02-01 16:00:00,761,27.74348481448737,27.004428395520605,54.727896560219314,67.41482590046425
2023-02-01 17:00:00,762,31.32843987483118,24.95171381733546,44.72908389775958,77.8862253281677
2023-02-01 18:00:00,763,33.61550246868899,16.014176923021907,44.63729855913215,77.98110027159096
2023-02-01 19:00:00,764,30.123060626239557,20.988734141345944,62.098372221840975,71.08563135129918
2023-02-01 20:00:00,765,33.59991865071583,25.966067766168482,38.734105741280025,73.37793323402889
2023-02-01 21:00:00,766,24.485468935223153,31.486710445464453,40.461955797274356,70.04432371583678
2023-02-01 22:00:00,767,29.491513627225643,30.006655086733648,38.355515461295354,74.31521464839557
2023-02-01 23:00:00,768,30.096396922565386,27.986062522017125,37.214861594793135,75.89529442085572
2023-02-02 00:00:00,769,39.247956233398185,20.923621694317706,39.55183680620143,79.4284864496302
2023-02-02 01:00:00,770,28.92916671899958,34.00606995404267,57.89904941785493,67.83479820260955
2023-02-02 02:00:00,771,27.504916810029087,26.07620233819806,61.022825645880246,68.23463605613537
2023-02-02 03:00:00,772,30.106756119217742,19.968172391607247,43.02926927639817,76.21872689329102
2023-02-02 04:00:00,773,25.40443277565028,24.085475095715246,52.0733404604569,73.82888797970318
2023-02-02 05:00:00,774,30.96376924532608,29.481242126780796,57.59156675108234,66.70703050442404
2023-02-02 06:00:00,775,28.17472391726871,25.03808749159079,51.00564203097163,73.92278063670877
2023-02-02 07:00:00,776,21.04336225979408,29.434323432913807,40.45057242382761,73.89666713087941
2023-02-02 08:00:00,777,29.707067244330695,30.51846978731075,35.29598264861919,76.46202318092587
2023-02-02 09:00:00,778,28.412284530349005,27.002653422993532,60.104275531255084,69.80817400682236
2023-02-02 10:00:00,779,21.837883489660083,20.71148688476553,54.9617941228838,71.04682667296979
2023-02-02 11:00:00,780,29.664329226927393,25.677273315949904,55.76955893398654,68.69922837865704
2023-02-02 12:00:00,781,37.446779810372405,25.225829279694153,38.9235309909897,77.17499665687079
2023-02-02 13:00:00,782,32.606518741378565,34.29673166925814,52.34977192889052,70.96081427153932
2023-02-02 14:00:00,783,33.059635963655786,16.86839031086585,56.28999587456822,72.03318268063057
2023-02-02 15:00:00,784,23.292516372084787,24.32588774452823,53.14033843647145,71.94137780544499
2023-02-02 16:00:00,785,32.38449184461111,22.079532266025403,42.54976783192311,76.75865263237135
2023-02-02 17:00:00,786,30.742247906900392,26.675528100979996,60.12260510065336,65.5738993955829
2023-02-02 18:00:00,787,32.64522619167216,12.812178204003219,34.72368051821226,84.13305673526074
2023-02-02 19:00:00,788,32.11314310854413,30.5746227974514,59.28741924806941,66.74021724275859
2023-02-02 20:00:00,789,23.201096372480933,25.068742436677667,60.81055944087073,65.02934598696865
2023-02-02 21:00:00,790,29.792995942210162,15.77649418185977,65.72330317535224,75.63821791296364
2023-02-02 22:00:00,791,26.21064569787417,23.19443432630067,46.57507809749557,72.70384296945885
2023-02-02 23:00:00,792,29.74957952857589,28.044811708272622,40.00569983438479,71.41087736695816
2023-02-03 00:00:00,793,25.51299536549085,17.042760622709842,57.9388036230838,74.93726184614333
2023-02-03 01:00:00,794,36.56235183570498,25.01611108221578,43.007847209130254,75.70456388796282
2023-02-03 02:00:00,795,25.70513805777829,19.712631760992352,50.43995511443989,76.4845203925644
2023-02-03 03:00:00,796,25.50528921767232,22.220074840605164,46.82537782839928,74.07034250675902
2023-02-03 04:00:00,797,30.372932032717767,25.133691913373184,40.97928028586915,75.11754128177084
2023-02-03 05:00:00,798,24.614504652980024,25.917251267907883,53.20999466184892,69.61676244114365
2023-02-03 06:00:00,799,27.87668348783567,22.646287509086363,36.07984083441964,75.23250938386651
2023-02-03 07:00:00,800,25.85017701231019,26.36398194765132,55.922056816440396,72.19965327935068
2023-02-03 08:00:00,801,37.05586031944806,29.08988803627403,40.330689115432655,73.1503238771976
2023-02-03 09:00:00,802,33.929019134155865,23.6054286244838,32.68268653532074,78.02785121631595
2023-02-03 10:00:00,803,29.712652407673026,32.157838787246455,49.49892541209707,65.07286779875699
2023-02-03 11:00:00,804,28.043914739129917,32.311070853902095,54.31633852811223,67.19282080605461
2023-02-03 12:00:00,805,34.704588072875566,22.856489672070857,55.76934597053224,70.155962378622
2023-02-03 13:00:00,806,32.02602040161444,21.81079721763208,58.18353730827161,71.29031289240284
2023-02-03 14:00:00,807,32.49026202341428,16.67913507416913,26.463596003095866,83.28286535827294
2023-02-03 15:00:00,808,29.86903881327875,24.36715334180305,39.94855569043328,74.93892703930256
2023-02-03 16:00:00,809,21.55884986114284,23.182811099419744,51.06652294503032,74.9663148526033
2023-02-03 17:00:00,810,29.437670087202235,28.89525610066496,65.19003279936146,66.8894704145074
2023-02-03 18:00:00,811,27.337550403954662,17.451691969658505,57.837444936747275,76.17722956308967
2023-02-03 19:00:00,812,33.22527636729939,23.61304304128445,69.01340051848112,64.83980358389398
2023-02-03 20:00:00,813,35.059212164970944,29.843721965555726,44.75060577086001,70.3550454310685
2023-02-03 21:00:00,814,26.710244776194155,21.3482145222102,52.74416995282009,73.4220801164043
2023-02-03 22:00:00,815,32.34192617138526,21.188192316361953,39.00029192430693,76.89253832472008
2023-02-03 23:00:00,816,38.67939498842857,17.765298326220957,45.95647780376,77.17189204476806
2023-02-04 00:00:00,817,26.661436397147206,38.102869230091194,42.64704281717027,65.79024574118668
2023-02-04 01:00:00,818,38.40960870036569,21.2626341096731,43.660113406832785,74.83829280858913
2023-02-04 02:00:00,819,25.737070764146765,18.498265838908303,46.06550878814337,73.6481065343988
2023-02-04 03:00:00,820,30.114798778039756,20.9807479798424,50.027175398906806,72.72142228686027
2023-02-04 04:00:00,821,29.944271940790795,21.128524597565978,50.22212664516484,75.75745314845159
2023-02-04 05:00:00,822,30.057494499350312,23.6530511077438,55.43453439582726,71.11470035784802
2023-02-04 06:00:00,823,25.811609790460274,29.126861160437574,51.39988467386859,73.02811049513565
2023-02-04 07:00:00,824,27.04408448117785,23.50838415502083,46.55954371150375,73.0868770604271
2023-02-04 08:00:00,825,26.661398568203005,20.385883425015862,44.774214584680536,76.61293607383257
2023-02-04 09:00:00,826,31.634812977022285,17.743307509044875,46.928682798413156,74.62323674564877
2023-02-04 10:00:00,827,31.650175572551557,25.109286791099358,45.50962858553034,78.99381176962603
2023-02-04 11:00:00,828,41.129721658691295,25.212695370148953,54.9097105518198,70.56349795197868
2023-02-04 12:00:00,829,36.85494503145561,32.654661755144126,58.65525190671262,67.73535323101298
2023-02-04 13:00:00,830,27.450783789307604,25.462238677349042,62.74044537947084,69.27351708921853
2023-02-04 14:00:00,831,31.62434807898093,24.504958443579614,42.022972400595826,73.97287142835289
2023-02-04 15:00:00,832,34.9855899039588,19.746730817062552,54.6937222533875,71.0567153523811
2023-02-04 16:00:00,833,30.153009121692588,23.47023712450804,36.053203584073245,77.76120661160162
2023-02-04 17:00:00,834,29.65179210776532,22.80762770982697,53.73174718252578,71.36308250160211
2023-02-04 18:00:00,835,30.257874713849446,23.14917917743149,60.826722820910646,69.86638496202761
2023-02-04 19:00:00,836,34.33638314404214,20.203723036797058,48.50410498333005,76.64951110419723
2023-02-04 20:00:00,837,25.758397385973836,27.691648016380885,60.72636047258873,68.0927501617137
2023-02-04 21:00:00,838,28.37165265589913,24.287772912453153,38.61432129684523,77.02604974945704
2023-02-04 22:00:00,839,32.35216572423241,23.99823259997506,41.11354716908363,75.96691270139893
2023-02-04 23:00:00,840,31.55723535777078,16.42976941975502,48.64190157356313,74.25804615275253
2023-02-05 00:00:00,841,31.197913799281956,27.468220437624318,60.222103545858246,70.99138310883305
2023-02-05 01:00:00,842,28.150994168480985,27.435076629901896,45.825705436580115,74.88645464694453
2023-02-05 02:00:00,843,34.86267894571269,20.80435298578893,45.46446899091225,73.68615310131841
2023-02-05 03:00:00,844,40.66934123602269,29.95060691939597,40.083716416219794,74.01018283829043
2023-02-05 04:00:00,845,32.03207746838103,18.176208849587837,52.02881044442621,73.9792039015545
2023-02-05 05:00:00,846,29.0341164922508,24.8906504560546,62.466951408944354,67.32075667516285
2023-02-05 06:00:00,847,33.778701444472716,23.64396330054918,57.006801090936925,71.06629469977423
2023-02-05 07:00:00,848,27.30433681623505,18.41412605597103,56.96650654336265,77.19832147000109
2023-02-05 08:00:00,849,26.251548276485515,25.94851306039998,47.93025525076336,74.76258201753477
2023-02-05 09:00:00,850,30.16404373806856,33.51285076120895,44.36690640736086,71.143945413851
2023-02-05 10:00:00,851,17.086016835150275,25.3381711503346,56.772459164163706,67.9979654040755
2023-02-05 11:00:00,852,24.230248181739952,22.684891229454745,49.68088924365859,78.86218644967781
2023-02-05 12:00:00,853,28.26019072039577,27.235120784428393,48.263917642806184,73.65072640626529
2023-02-05 13:00:00,854,23.233055709261432,25.528599977335773,58.982406224036154,64.84330330429104
2023-02-05 14:00:00,855,24.83678449053935,25.138810658127507,48.0221254832727,73.82290569637142
2023-02-05 15:00:00,856,27.816258312709962,22.87228893614276,41.622237406147946,75.09979487824806
2023-02-05 16:00:00,857,21.785173532346953,32.10987779646232,59.09188495330966,67.03746032767388
2023-02-05 17:00:00,858,27.96964101870084,27.28181681740393,50.80719890433867,71.91821265361548
2023-02-05 18:00:00,859,27.323649177335778,22.356646705322557,39.62970656151308,75.09572652594458
2023-02-05 19:00:00,860,30.12702604192508,24.45998081609521,38.870941051283836,79.76049878118263
2023-02-05 20:00:00,861,35.7709201524701,21.295666478979637,50.95411875826867,74.46550037586843
2023-02-05 21:00:00,862,30.86252208246433,21.958544249592524,73.37409661478276,68.89119470378972
2023-02-05 22:00:00,863,30.105310106710316,21.796371379049006,46.07179396453792,77.98312325061053
2023-02-05 23:00:00,864,30.49727228515356,19.328442031388864,46.637261409144216,74.86828536565832
2023-02-06 00:00:00,865,31.13696387560564,28.886384818839776,65.23771197617053,64.1619570281159
2023-02-06 01:00:00,866,24.916306756951155,23.54479268363487,49.427188002094844,75.64326195524963
2023-02-06 02:00:00,867,29.42612337614601,27.77063789163385,35.51533136752012,78.24575650944075
2023-02-06 03:00:00,868,31.543756209183066,21.649370511363518,34.27203547451827,76.1396669603805
2023-02-06 04:00:00,869,23.146200087284697,24.698187528038307,62.266639737874804,72.99340068693373
2023-02-06 05:00:00,870,34.328264614079266,21.444797016044443,56.66354542250189,71.8075312365595
2023-02-06 06:00:00,871,35.40688017229095,28.598340852686658,58.26125708431193,69.60602150538787
2023-02-06 07:00:00,872,26.843120057753055,23.757903466474808,49.42243441621287,74.4230943601082
2023-02-06 08:00:00,873,28.793311042734477,21.34563207024307,42.732879740172024,74.5646354031602
2023-02-06 09:00:00,874,25.609048285949633,16.79148385595108,47.82836884275833,75.52765114130251
2023-02-06 10:00:00,875,33.49690241793908,26.378332746703872,51.360312173743765,67.23555529593509
2023-02-06 11:00:00,876,24.693888562770454,21.458074738309463,41.61688844301299,74.48359582668826
2023-02-06 12:00:00,877,28.887614948785398,24.921103914395022,55.61449909551126,67.89014639266387
2023-02-06 13:00:00,878,25.70540046096164,22.541349459932363,37.40403831200278,77.58849480797358
2023-02-06 14:00:00,879,30.254771385056447,29.770947904493823,46.67241235424776,73.85160664692292
2023-02-06 15:00:00,880,21.028853642551397,27.72072376179004,47.95992127523497,71.69737187520154
2023-02-06 16:00:00,881,36.632308211828466,27.23606043727416,43.08980186824631,74.1327375452545
2023-02-06 17:00:00,882,25.176967878968682,21.919394383382603,27.94494644980178,82.21282596010403
2023-02-06 18:00:00,883,30.29947341558138,27.331450217750948,54.47869664111253,71.35008478083137
2023-02-06 19:00:00,884,28.937384776148456,33.574158043380216,42.44249239559733,69.7085102594077
2023-02-06 20:00:00,885,26.189427440387508,20.839069829249688,63.257079593243716,67.67665108573505
2023-02-06 21:00:00,886,25.561099316820325,25.861695696145944,46.58017722315948,72.23548796489789
2023-02-06 22:00:00,887,34.6819927177623,16.75391512791434,44.58640411568779,78.3730399118643
2023-02-06 23:00:00,888,27.371797034490303,31.992810460627677,50.91521946778877,66.98573850380791
2023-02-07 00:00:00,889,31.355850923186555,23.010439507045792,60.534397486304485,71.05838242198786
2023-02-07 01:00:00,890,25.992515573028125,28.912894404209887,44.3659233688183,71.64835159536528
2023-02-07 02:00:00,891,26.764092840761197,16.383858746418383,60.14737694829777,75.00750059732326
2023-02-07 03:00:00,892,32.36123575043924,33.98769693562952,64.40303641017623,62.07876165676273
2023-02-07 04:00:00,893,34.65204248055558,23.215642359872007,59.90322810655945,68.57727506947741
2023-02-07 05:00:00,894,29.1234179883649,27.728286617350136,66.26431490992258,69.80467489375604
2023-02-07 06:00:00,895,22.890400641797815,25.75409103166297,62.92646021012469,68.30252889655848
2023-02-07 07:00:00,896,39.98978039875002,23.722646069061152,65.14882293893005,69.69995778258149
2023-02-07 08:00:00,897,25.717253458828953,33.428961513296514,66.04326319415641,61.275695779320515
2023-02-07 09:00:00,898,22.29206300164106,16.7597689681691,52.08069529629964,75.2413780160613
2023-02-07 10:00:00,899,42.97212293884076,26.493568299960046,45.70776100427802,74.40522651435181
2023-02-07 11:00:00,900,27.979838530745315,29.553228361149852,27.377563647561942,80.14134844444867
2023-02-07 12:00:00,901,22.69133655869296,24.850719391818167,36.77266880478204,75.09386951305721
2023-02-07 13:00:00,902,26.58280116605659,24.40914607816704,45.51717200841205,72.53444053551492
2023-02-07 14:00:00,903,31.837724480111344,24.286561439632674,46.18264912759434,73.95658666121668
2023-02-07 15:00:00,904,30.951557787969698,18.861817897947958,48.47205536597913,72.97868414173456
2023-02-07 16:00:00,905,25.74135401373205,25.190636920474674,39.9923950975125,75.34669639755367
2023-02-07 17:00:00,906,39.113618000639796,27.563587617361993,34.042223885586864,75.87608225641216
2023-02-07 18:00:00,907,27.392101610033134,25.342996137403304,48.69776833533274,74.16866973135704
2023-02-07 19:00:00,908,24.07656704794224,23.638619494274597,48.105820711882096,76.57816352467603
2023-02-07 20:00:00,909,34.8034669923033,22.551374888134866,41.92445958450134,77.28666331618234
2023-02-07 21:00:00,910,36.64531423269841,23.60351665360814,42.578478383496154,76.90780026006647
2023-02-07 22:00:00,911,25.912534511918867,31.28872108748019,40.59843408127593,72.28066713414573
2023-02-07 23:00:00,912,22.993263534803447,14.566825102897287,46.034762609836825,78.18666951264798
2023-02-08 00:00:00,913,35.15219133707802,25.200357282738878,41.43697173004749,70.97677610130279
2023-02-08 01:00:00,914,19.76338193471019,23.361225413517918,62.59875331517016,67.76731966034076
2023-02-08 02:00:00,915,23.866891703016922,32.279039759184215,52.40996732045121,68.57202329365919
2023-02-08 03:00:00,916,34.83723075025117,25.277461127219013,40.27682081973483,71.98703574289007
2023-02-08 04:00:00,917,29.72323725988805,32.42462799349977,47.19552218532546,70.11480899321901
2023-02-08 05:00:00,918,28.68031325703656,14.380549909772204,38.19714393648809,80.54891244363156
2023-02-08 06:00:00,919,31.76408303247189,27.29792452417028,60.12168295174788,66.27141314722712
2023-02-08 07:00:00,920,29.236127882272957,26.4002893001884,63.8418672458082,66.70724654285334
2023-02-08 08:00:00,921,23.50656638918455,31.95266983536969,62.52001982753031,66.72522217657927
2023-02-08 09:00:00,922,36.38037673003094,16.793256955884853,38.55307368757403,81.80845163502431
2023-02-08 10:00:00,923,36.62507026443408,24.224820959408373,49.08732980273824,69.28734776457587
2023-02-08 11:00:00,924,31.026662818889797,25.330301308932462,45.98429324487084,73.24059334777517
2023-02-08 12:00:00,925,30.22567007716005,22.521022527273953,55.62013105914182,73.8812187351875
2023-02-08 13:00:00,926,41.69812403010029,31.0828885687147,39.92090196716102,71.96649540627563
2023-02-08 14:00:00,927,28.617835774920813,23.30658907277301,43.24108305998983,75.59201108744496
2023-02-08 15:00:00,928,28.702115090829803,35.17381272010577,45.86782971648192,65.661922974482
2023-02-08 16:00:00,929,31.82240624620253,30.27088954469461,51.53288469132424,68.44462250661883
2023-02-08 17:00:00,930,37.35660978071169,29.754168485018997,56.94128708137886,71.69808049185329
2023-02-08 18:00:00,931,37.96385377208742,27.796494906954422,46.71272307263392,70.51179955570191
2023-02-08 19:00:00,932,28.707136841616144,19.68152204487226,56.63965075526222,70.28607906459318
2023-02-08 20:00:00,933,31.541656229796725,22.844518312446215,58.220763567971375,71.4104552905023
2023-02-08 21:00:00,934,23.109582664679614,27.86375683428608,47.86784763128179,73.28502595960391
2023-02-08 22:00:00,935,28.440119460418934,28.387785167938585,37.54341867134403,76.930702795878
2023-02-08 23:00:00,936,25.79854802260347,31.53591922540629,38.2880966456586,71.71016610934872
2023-02-09 00:00:00,937,24.96584123850508,22.662794951870467,55.91726975151568,72.3383727518675
2023-02-09 01:00:00,938,38.407883581336634,20.699233075376682,45.23775563685331,77.16776652782644
2023-02-09 02:00:00,939,26.038566690969276,29.295520963927654,32.87370677317545,76.78854854175196
2023-02-09 03:00:00,940,27.341970459942726,20.951867119799438,56.12952368183001,71.59080384753219
2023-02-09 04:00:00,941,31.82924393958429,29.366559180352063,51.29554520546219,73.35350670997671
2023-02-09 05:00:00,942,36.489126334867926,30.99868088207519,35.94032918857371,72.34396675728884
2023-02-09 06:00:00,943,32.405575631944174,27.280765179135276,61.794199812026456,69.2371017842107
2023-02-09 07:00:00,944,43.79677557010791,23.21210484015701,58.366359871577494,70.8402171461572
2023-02-09 08:00:00,945,29.626660108744254,25.205411130719398,51.387452512901795,70.80662155272073
2023-02-09 09:00:00,946,31.29358220114873,27.967329598016196,37.256806322655834,73.55359070627001
2023-02-09 10:00:00,947,31.378003369920282,25.050927593560367,35.97669467114717,75.50883398003519
2023-02-09 11:00:00,948,37.17524693394577,35.99148169335246,46.92931513158563,67.03172248374149
2023-02-09 12:00:00,949,32.536194755548074,20.046645346864253,32.86084610449711,78.08065229650693
2023-02-09 13:00:00,950,29.418851498064253,19.986657063151046,54.050802731844854,75.18625005529455
2023-02-09 14:00:00,951,25.262557025465604,20.115523066323373,35.89176686619663,77.76767777573889
2023-02-09 15:00:00,952,31.222217279808163,22.05210038727392,51.649127292546986,72.24916992119795
2023-02-09 16:00:00,953,37.006724156459796,14.105342399025453,47.118685472732736,79.78910434108391
2023-02-09 17:00:00,954,27.948091031710646,21.851747865299092,57.117852680970444,71.72284637679202
2023-02-09 18:00:00,955,32.64471809208291,21.733576490360555,40.62052404738512,74.10324727004637
2023-02-09 19:00:00,956,31.23073894342422,25.392570125870883,52.73729449524724,69.61050759140186
2023-02-09 20:00:00,957,34.31759829190657,27.089002916030406,36.051598071653565,75.24690463164674
2023-02-09 21:00:00,958,25.976231296810653,18.79891831796115,57.95549551769407,72.06391651097627
2023-02-09 22:00:00,959,41.73323515263281,29.500271213820362,48.85038233722506,72.09571476642839
2023-02-09 23:00:00,960,23.604194464858708,34.01121114895274,54.95850668965431,64.97803836064571
2023-02-10 00:00:00,961,28.172244550069813,23.95857448452502,36.79474653171968,75.04803465613516
2023-02-10 01:00:00,962,34.69046270452823,32.87185618737786,54.99084275671767,65.04572666173851
2023-02-10 02:00:00,963,31.483665862470566,25.994947472025938,53.06203396303709,71.89723056899118
2023-02-10 03:00:00,964,34.14993079540552,34.94365959297696,53.63697892713363,67.40401997754289
2023-02-10 04:00:00,965,27.51948833008719,30.58641732844095,53.12633963013986,65.42400027159582
2023-02-10 05:00:00,966,29.625975086598295,17.18047682580117,48.06536117209652,78.23430362850667
2023-02-10 06:00:00,967,30.061159918194086,25.093136853306778,62.41299220315991,70.45148045339053
2023-02-10 07:00:00,968,37.846298072679524,30.271624874520388,48.441020142342964,66.94988599641881
2023-02-10 08:00:00,969,33.452145121915244,25.152732905203084,42.60830799609171,73.26027828984901
2023-02-10 09:00:00,970,33.98336054182336,24.815582345774665,49.41273806631062,75.62617225593544
2023-02-10 10:00:00,971,26.710369537316023,31.34882375157152,40.494820545554695,74.18934537259832
2023-02-10 11:00:00,972,34.84441319281525,21.45072908926948,45.36003576669156,75.71621004385987
2023-02-10 12:00:00,973,31.127908317844017,25.087578066391092,48.22753383810601,73.9904496079515
2023-02-10 13:00:00,974,36.94572657838964,26.618128823045595,46.2044587935414,77.05363719765492
2023-02-10 14:00:00,975,40.07030077459234,23.33104519823218,51.993970728054855,73.7418801293727
2023-02-10 15:00:00,976,28.466171119864978,24.899354480612313,69.45761391306327,64.27142086293706
2023-02-10 16:00:00,977,27.968484347774687,28.875116316120852,55.70949839846121,71.57947032160286
2023-02-10 17:00:00,978,25.679775044488153,27.16418810749997,60.72300647288091,66.4591262231365
2023-02-10 18:00:00,979,29.2821024414184,20.956412340102332,44.962905626317635,78.0207266137492
2023-02-10 19:00:00,980,28.08987275524808,19.47938007100369,44.129837114948515,78.3339001519274
2023-02-10 20:00:00,981,31.79752199785505,21.05448909871675,46.218219531070105,77.38631669733212
2023-02-10 21:00:00,982,29.27716591533132,25.006242278942434,58.52889097268877,73.02007751954046
2023-02-10 22:00:00,983,28.1920035960919,24.200301061214788,28.51881521769102,76.4123762470694
2023-02-10 23:00:00,984,35.32292568063926,20.840212533914375,39.668352247086325,77.54021094903932
2023-02-11 00:00:00,985,25.31059884424274,22.00924773741757,51.023358468342195,77.58046759588031
2023-02-11 01:00:00,986,32.16553976575672,17.39980357403968,47.759076329370714,78.92513880320884
2023-02-11 02:00:00,987,27.970291364057584,27.08926851608663,69.67729682143046,65.90649337021017
2023-02-11 03:00:00,988,33.62184252434982,24.799906373241836,54.476832157426564,69.2106509060932
2023-02-11 04:00:00,989,36.926307733611154,18.70106328297365,43.37808556469519,77.84948367500853
2023-02-11 05:00:00,990,28.484508732879636,25.143102520938914,34.22392931460653,75.33750734806056
2023-02-11 06:00:00,991,32.20516453636576,31.713110052551766,46.59439965062138,67.22839116560884
2023-02-11 07:00:00,992,30.8939643286659,21.300320735173703,36.96779917321585,79.41245728656551
2023-02-11 08:00:00,993,26.002888002284518,31.575688328604862,54.66750650418435,67.94251509511896
2023-02-11 09:00:00,994,31.203937548709693,23.38271263758288,51.61106322241678,71.2782991089621
2023-02-11 10:00:00,995,31.44560252639406,25.989140839249337,53.20031932092731,71.83523016202163
2023-02-11 11:00:00,996,32.06435410223087,25.488754012110928,70.79176664795037,65.01031322398313
2023-02-11 12:00:00,997,29.00800551589977,32.00761708002623,40.925340185797026,75.27770757266254
2023-02-11 13:00:00,998,30.470961501550732,25.79216923392766,48.075957922040935,72.61998311768397
2023-02-11 14:00:00,999,24.261945275784324,19.290492903980766,37.87484255511091,82.14647720641653
2023-02-11 15:00:00,1000,28.209429622600716,18.445148147793937,49.194014838498745,74.39361727287563
